ID,DexID,Name,Type1,Type2,Rank,Exclude
0,#000,Egg,Normal,,Starter,0
1,#001,Bulbasaur,Grass,Poison,Beginner,0
2,#002,Ivysaur,Grass,Poison,Amateur,0
3,#003,Venusaur,Grass,Poison,Ace,0
4,#003,Mega-Venusaur,Grass,Poison,Pro,0
5,#004,Charmander,Fire,,Beginner,0
6,#005,Charmeleon,Fire,,Amateur,0
7,#006,Charizard,Fire,Flying,Ace,0
8,#006,Mega-Charizard Y,Fire,Flying,Pro,0
9,#006,Mega-Charizard X,Fire,Dragon,Pro,0
10,#007,Squirtle,Water,,Beginner,0
11,#008,Wartortle,Water,,Amateur,0
12,#009,Blastoise,Water,,Ace,0
13,#009,Mega-Blastoise,Water,,Pro,0
14,#010,Caterpie,Bug,,Starter,0
15,#011,Metapod,Bug,,Beginner,0
16,#012,Butterfree,Bug,Flying,Amateur,0
17,#013,Weedle,Bug,Poison,Starter,0
18,#014,Kakuna,Bug,Poison,Beginner,0
19,#015,Beedrill,Bug,Poison,Amateur,0
20,#015,Mega-Beedrill,Bug,Poison,Ace,0
21,#016,Pidgey,Normal,Flying,Beginner,0
22,#017,Pidgeotto,Normal,Flying,Amateur,0
23,#018,Pidgeot,Normal,Flying,Ace,0
24,#018,Mega-Pidgeot,Normal,Flying,Pro,0
25,#019,Rattata,Normal,,Starter,0
26,#019A,Alolan Rattata,Dark,Normal,Starter,0
27,#020,Raticate,Normal,,Amateur,0
28,#020A,Alolan Raticate,Dark,Normal,Amateur,0
29,#021,Spearow,Normal,Flying,Beginner,0
30,#022,Fearow,Normal,Flying,Amateur,0
31,#023,Ekans,Poison,,Beginner,0
32,#024,Arbok,Poison,,Amateur,0
33,#025,Pikachu,Electric,,Beginner,0
34,#026,Raichu,Electric,,Amateur,0
35,026A,Alolan Raichu,Electric,Psychic,Amateur,0
36,#027,Sandshrew,Ground,,Beginner,0
37,#027A,Alolan Sandshrew,Ice,Steel,Beginner,0
38,#028,Sandslash,Ground,,Amateur,0
39,#028A,Alolan Sandslash,Ice,Steel,Amateur,0
40,#029,Nidoran F,Poison,,Beginner,0
41,#030,Nidorina,Poison,,Amateur,0
42,#031,Nidoqueen,Poison,Ground,Ace,0
43,#032,Nidoran M,Poison,,Beginner,0
44,#033,Nidorino,Poison,,Amateur,0
45,#034,Nidoking,Poison,Ground,Ace,0
46,#035,Clefairy,Fairy,,Beginner,0
47,#036,Clefable,Fairy,,Amateur,0
48,#037,Vulpix,Fire,,Beginner,0
49,#037A,Alolan Vulpix,Ice,,Beginner,0
50,#038,Ninetales,Fire,,Amateur,0
51,#038A,Alolan Ninetales,Ice,,Amateur,0
52,#039,Jigglypuff,Normal,Fairy,Beginner,0
53,#040,Wigglytuff,Normal,Fairy,Amateur,0
54,#041,Zubat,Poison,Flying,Beginner,0
55,#042,Golbat,Poison,Flying,Amateur,0
56,#043,Oddish,Grass,Poison,Beginner,0
57,#044,Gloom,Grass,Poison,Amateur,0
58,#045,Vileplume,Grass,Poison,Amateur,0
59,#046,Paras,Bug,Grass,Beginner,0
60,#047,Parasect,Bug,Grass,Amateur,0
61,#048,Venonat,Bug,Poison,Beginner,0
62,#049,Venomoth,Bug,Poison,Amateur,0
63,#050,Diglett,Ground,,Beginner,0
64,#050A,Alolan Diglett,Ground,Steel,Beginner,0
65,#051,Dugtrio,Ground,,Amateur,0
66,#051A,Alolan Dugtrio,Ground,Steel,Amateur,0
67,#052,Meowth,Normal,,Beginner,0
68,#052A,Alolan Meowth,Dark,,Beginner,0
69,#052G,Galarian Meowth,Steel,,Beginner,0
70,#053,Persian,Normal,,Amateur,0
71,#053A,Alolan Persian,Dark,,Amateur,0
72,#054,Psyduck,Water,,Beginner,0
73,#055,Golduck,Water,,Amateur,0
74,#056,Mankey,Fighting,,Beginner,0
75,#057,Primeape,Fighting,,Amateur,0
76,#058,Growlithe,Fire,,Beginner,0
77,#059,Arcanine,Fire,,Ace,0
78,#060,Poliwag,Water,,Beginner,0
79,#061,Poliwhirl,Water,,Amateur,0
80,#062,Poliwrath,Water,Fighting,Ace,0
81,#063,Abra,Psychic,,Beginner,0
82,#064,Kadabra,Psychic,,Amateur,0
83,#065,Alakazam,Psychic,,Ace,0
84,#065,Mega-Alakazam,Psychic,,Pro,0
85,#066,Machop,Fighting,,Beginner,0
86,#067,Machoke,Fighting,,Amateur,0
87,#068,Machamp,Fighting,,Ace,0
88,#069,Bellsprout,Grass,Poison,Starter,0
89,#070,Weepinbell,Grass,Poison,Beginner,0
90,#071,Victreebel,Grass,Poison,Amateur,0
91,#072,Tentacool,Water,Poison,Beginner,0
92,#073,Tentacruel,Water,Poison,Amateur,0
93,#074,Geodude,Rock,Ground,Beginner,0
94,#074A,Alolan Geodude,Rock,Electric,Beginner,0
95,#075,Graveler,Rock,Ground,Amateur,0
96,#075A,Alolan Graveler,Rock,Electric,Amateur,0
97,#076,Golem,Rock,Ground,Ace,0
98,#076A,Alolan Golem,Rock,Electric,Ace,0
99,#077,Ponyta,Fire,,Beginner,0
100,#077G,Galarian Ponyta,Psychic,,Amateur,0
101,#078,Rapidash,Fire,,Amateur,0
102,#078G,Galarian Rapidash,Psychic,Fairy,Ace,0
103,#079,Slowpoke,Water,Psychic,Beginner,0
104,#079G,Galarian Slowpoke,Psychic,,Beginner,0
105,#080,Slowbro,Water,Psychic,Amateur,0
106,#080,Mega-Slowbro,Water,Psychic,Ace,0
107,#081,Magnemite,Electric,Steel,Beginner,0
108,#082,Magneton,Electric,Steel,Amateur,0
109,#083,Farfetch'd,Normal,Flying,Beginner,0
110,#083G,Galarian Farfetch'd,Fighting,,Beginner,0
111,#084,Doduo,Normal,Flying,Beginner,0
112,#085,Dodrio,Normal,Flying,Amateur,0
113,#086,Seel,Water,,Beginner,0
114,#087,Dewgong,Water,Ice,Amateur,0
115,#088,Grimer,Poison,,Beginner,0
116,#088A,Alolan Grimer,Poison,Dark,Beginner,0
117,#089,Muk,Poison,,Amateur,0
118,#089A,Alolan Muk,Poison,Dark,Amateur,0
119,#090,Shellder,Water,,Beginner,0
120,#091,Cloyster,Water,Ice,Amateur,0
121,#092,Gastly,Ghost,Poison,Beginner,0
122,#093,Haunter,Ghost,Poison,Amateur,0
123,#094,Gengar,Ghost,Poison,Ace,0
124,#094,Mega-Gengar,Ghost,Poison,Pro,0
125,#095,Onix,Rock,Ground,Amateur,0
126,#096,Drowzee,Psychic,,Beginner,0
127,#097,Hypno,Psychic,,Amateur,0
128,#098,Krabby,Water,,Beginner,0
129,#099,Kingler,Water,,Amateur,0
130,#100,Voltorb,Electric,,Beginner,0
131,#101,Electrode,Electric,,Amateur,0
132,#102,Exeggcute,Grass,Psychic,Beginner,0
133,#103,Exeggutor,Grass,Psychic,Amateur,0
134,#103A,Alolan Exeggutor,Grass,Dragon,Amateur,0
135,#104,Cubone,Ground,,Beginner,0
136,#105,Marowak,Ground,,Amateur,0
137,#105A,Alolan Marowak,Fire,Ghost,Amateur,0
138,#106,Hitmonlee,Fighting,,Amateur,0
139,#107,Hitmonchan,Fighting,,Amateur,0
140,#108,Lickitung,Normal,,Amateur,0
141,#109,Koffing,Poison,,Beginner,0
142,#110,Weezing,Poison,,Amateur,0
143,#110G,Galarian Weezing,Poison,Fairy,Amateur,0
144,#111,Rhyhorn,Ground,Rock,Beginner,0
145,#112,Rhydon,Ground,Rock,Amateur,0
146,#113,Chansey,Normal,,Beginner,0
147,#114,Tangela,Grass,,Amateur,0
148,#115,Kangaskhan,Normal,,Amateur,0
149,#115,Mega-Kangaskhan,Normal,,Ace,0
150,#116,Horsea,Water,,Beginner,0
151,#117,Seadra,Water,,Amateur,0
152,#118,Goldeen,Water,,Beginner,0
153,#119,Seaking,Water,,Amateur,0
154,#120,Staryu,Water,,Beginner,0
155,#121,Starmie,Water,Psychic,Amateur,0
156,#122,Mr. Mime,Psychic,Fairy,Beginner,0
157,#122G,Galarian Mr. Mime,Ice,Psychic,Amateur,0
158,#123,Scyther,Bug,Flying,Amateur,0
159,#124,Jynx,Ice,Psychic,Amateur,0
160,#125,Electabuzz,Electric,,Amateur,0
161,#126,Magmar,Fire,,Amateur,0
162,#127,Pinsir,Bug,,Amateur,0
163,#127,Mega-Pinsir,Bug,Flying,Ace,0
164,#128,Tauros,Normal,,Amateur,0
165,#129,Magikarp,Water,,Starter,0
166,#130,Gyarados,Water,Flying,Ace,0
167,#130,Mega-Gyarados,Water,Dark,Pro,0
168,#131,Lapras,Water,Ice,Amateur,0
169,#132,Ditto,Normal,,Amateur,0
170,#133,Eevee,Normal,,Beginner,0
171,#134,Vaporeon,Water,,Amateur,0
172,#135,Jolteon,Electric,,Amateur,0
173,#136,Flareon,Fire,,Amateur,0
174,#137,Porygon,Normal,,Beginner,0
175,#138,Omanyte,Rock,Water,Beginner,0
176,#139,Omastar,Rock,Water,Ace,0
177,#140,Kabuto,Rock,Water,Beginner,0
178,#141,Kabutops,Rock,Water,Ace,0
179,#142,Aerodactyl,Rock,Flying,Ace,0
180,#142,Mega-Aerodactyl,Rock,Flying,Pro,0
181,#143,Snorlax,Normal,,Amateur,0
182,#144,Articuno,Ice,Flying,Master,0
183,#145,Zapdos,Electric,Flying,Master,0
184,#146,Moltres,Fire,Flying,Master,0
185,#147,Dratini,Dragon,,Amateur,0
186,#148,Dragonair,Dragon,,Ace,0
187,#149,Dragonite,Dragon,Flying,Master,0
188,#150,Mewtwo,Psychic,,Master,0
189,#150,Mega-Mewtwo X,Psychic,Fighting,Master,0
190,#150,Mega-Mewtwo Y,Psychic,,Master,0
191,#151,Mew,Psychic,,Master,0
192,#152,Chikorita,Grass,,Starter,0
193,#153,Bayleef,Grass,,Amateur,0
194,#154,Meganium,Grass,,Ace,0
195,#155,Cyndaquil,Fire,,Starter,0
196,#156,Quilava,Fire,,Amateur,0
197,#157,Typhlosion,Fire,,Ace,0
198,#158,Totodile,Water,,Beginner,0
199,#159,Croconaw,Water,,Amateur,0
200,#160,Feraligatr,Water,,Ace,0
201,#161,Sentret,Normal,,Starter,0
202,#162,Furret,Normal,,Amateur,0
203,#163,Hoothoot,Normal,Flying,Beginner,0
204,#164,Noctowl,Normal,Flying,Amateur,0
205,#165,Ledyba,Bug,Flying,Beginner,0
206,#166,Ledian,Bug,Flying,Amateur,0
207,#167,Spinarak,Bug,Poison,Starter,0
208,#168,Ariados,Bug,Poison,Amateur,0
209,#169,Crobat,Poison,Flying,Ace,0
210,#170,Chinchou,Water,Electric,Beginner,0
211,#171,Lanturn,Water,Electric,Amateur,0
212,#172,Pichu,Electric,,Starter,0
213,#173,Cleffa,Fairy,,Starter,0
214,#174,Igglybuff,Normal,Fairy,Starter,0
215,#175,Togepi,Fairy,,Starter,0
216,#176,Togetic,Fairy,Flying,Amateur,0
217,#177,Natu,Psychic,Flying,Beginner,0
218,#178,Xatu,Psychic,Flying,Amateur,0
219,#179,Mareep,Electric,,Beginner,0
220,#180,Flaaffy,Electric,,Amateur,0
221,#181,Ampharos,Electric,,Ace,0
222,#181,Mega-Ampharos,Electric,Dragon,Pro,0
223,#182,Bellossom,Grass,,Amateur,0
224,#183,Marill,Water,Fairy,Beginner,0
225,#184,Azumarill,Water,Fairy,Amateur,0
226,#185,Sudowoodo,Rock,,Amateur,0
227,#186,Politoed,Water,,Amateur,0
228,#187,Hoppip,Grass,Flying,Starter,0
229,#188,Skiploom,Grass,Flying,Beginner,0
230,#189,Jumpluff,Grass,Flying,Amateur,0
231,#190,Aipom,Normal,,Beginner,0
232,#191,Sunkern,Grass,,Starter,0
233,#192,Sunflora,Grass,,Beginner,0
234,#193,Yanma,Bug,Flying,Amateur,0
235,#194,Wooper,Water,Ground,Beginner,0
236,#195,Quagsire,Water,Ground,Amateur,0
237,#196,Espeon,Psychic,,Amateur,0
238,#197,Umbreon,Dark,,Amateur,0
239,#198,Murkrow,Dark,Flying,Beginner,0
240,#199,Slowking,Water,Psychic,Ace,0
241,#200,Misdreavus,Ghost,,Amateur,0
242,#201,Unown,Psychic,,Starter,0
243,#202,Wobbuffet,Psychic,,Amateur,0
244,#203,Girafarig,Normal,Psychic,Amateur,0
245,#204,Pineco,Bug,,Beginner,0
246,#205,Forretress,Bug,Steel,Amateur,0
247,#206,Dunsparce,Normal,,Amateur,0
248,#207,Gligar,Ground,Flying,Beginner,0
249,#208,Steelix,Steel,Ground,Pro,0
250,#208,Mega-Steelix,Steel,Ground,Master,0
251,#209,Snubbull,Fairy,,Starter,0
252,#210,Granbull,Fairy,,Beginner,0
253,#211,Qwilfish,Water,Poison,Amateur,0
254,#212,Scizor,Bug,Steel,Ace,0
255,#212,Mega-Scizor,Bug,Steel,Pro,0
256,#213,Shuckle,Bug,Rock,Amateur,0
257,#214,Heracross,Bug,Fighting,Amateur,0
258,#214,Mega-Heracross,Bug,Fighting,Ace,0
259,#215,Sneasel,Dark,Ice,Amateur,0
260,#216,Teddiursa,Normal,,Beginner,0
261,#217,Ursaring,Normal,,Ace,0
262,#218,Slugma,Fire,,Beginner,0
263,#219,Magcargo,Fire,Rock,Amateur,0
264,#220,Swinub,Ice,Ground,Beginner,0
265,#221,Piloswine,Ice,Ground,Amateur,0
266,#222,Corsola,Water,Rock,Amateur,0
267,#222G,Galarian Corsola,Ghost,,Amateur,0
268,#223,Remoraid,Water,,Beginner,0
269,#224,Octillery,Water,,Amateur,0
270,#225,Delibird,Ice,Flying,Amateur,0
271,#226,Mantine,Water,Flying,Amateur,0
272,#227,Skarmory,Steel,Flying,Ace,0
273,#228,Houndour,Dark,Fire,Beginner,0
274,#229,Houndoom,Dark,Fire,Amateur,0
275,#229,Mega-Houndoom,Dark,Fire,Ace,0
276,#230,Kingdra,Water,Dragon,Ace,0
277,#231,Phanpy,Ground,,Beginner,0
278,#232,Donphan,Ground,,Amateur,0
279,#233,Porygon2,Normal,,Ace,0
280,#234,Stantler,Normal,,Amateur,0
281,#235,Smeargle,Normal,,Amateur,0
282,#236,Tyrogue,Fighting,,Beginner,0
283,#237,Hitmontop,Fighting,,Ace,0
284,#238,Smoochum,Ice,Psychic,Starter,0
285,#239,Elekid,Electric,,Beginner,0
286,#240,Magby,Fire,,Beginner,0
287,#241,Miltank,Normal,,Amateur,0
288,#242,Blissey,Normal,,Ace,0
289,#243,Raikou,Electric,,Master,0
290,#244,Entei,Fire,,Master,0
291,#245,Suicune,Water,,Master,0
292,#246,Larvitar,Rock,Ground,Amateur,0
293,#247,Pupitar,Rock,Ground,Ace,0
294,#248,Tyranitar,Rock,Dark,Pro,0
295,#248,Mega-Tyranitar,Rock,Dark,Master,0
296,#249,Lugia,Flying,Psychic,Master,0
297,#250,Ho-oh,Fire,Flying,Master,0
298,#251,Celebi,Grass,Psychic,Master,0
299,#252,Treecko,Grass,,Beginner,0
300,#253,Grovyle,Grass,,Amateur,0
301,#254,Sceptile,Grass,,Ace,0
302,#254,Mega-Sceptile,Grass,Dragon,Pro,0
303,#255,Torchic,Fire,,Starter,0
304,#256,Combusken,Fire,Fighting,Amateur,0
305,#257,Blaziken,Fire,Fighting,Ace,0
306,#257,Mega-Blaziken,Fire,Fighting,Pro,0
307,#258,Mudkip,Water,,Starter,0
308,#259,Marshtomp,Water,Ground,Amateur,0
309,#260,Swampert,Water,Ground,Ace,0
310,#260,Mega-Swampert,Water,Ground,Pro,0
311,#261,Poochyena,Dark,,Beginner,0
312,#262,Mightyena,Dark,,Amateur,0
313,#263,Zigzagoon,Normal,,Beginner,0
314,#263G,Galarian Zigzagoon,Dark,Normal,Beginner,0
315,#264,Linoone,Normal,,Amateur,0
316,#264G,Galarian Linoone,Dark,Normal,Amateur,0
317,#265,Wurmple,Bug,,Starter,0
318,#266,Silcoon,Bug,,Beginner,0
319,#267,Beautifly,Bug,Flying,Amateur,0
320,#268,Cascoon,Bug,,Beginner,0
321,#269,Dustox,Bug,Poison,Amateur,0
322,#270,Lotad,Water,Grass,Starter,0
323,#271,Lombre,Water,Grass,Beginner,0
324,#272,Ludicolo,Water,Grass,Amateur,0
325,#273,Seedot,Grass,,Starter,0
326,#274,Nuzleaf,Grass,Dark,Beginner,0
327,#275,Shiftry,Grass,Dark,Amateur,0
328,#276,Taillow,Normal,Flying,Beginner,0
329,#277,Swellow,Normal,Flying,Amateur,0
330,#278,Wingull,Water,Flying,Beginner,0
331,#279,Pelipper,Water,Flying,Amateur,0
332,#280,Ralts,Psychic,Fairy,Beginner,0
333,#281,Kirlia,Psychic,Fairy,Amateur,0
334,#282,Gardevoir,Psychic,Fairy,Ace,0
335,#282,Mega-Gardevoir,Psychic,Fairy,Pro,0
336,#283,Surskit,Bug,Water,Beginner,0
337,#284,Masquerain,Bug,Flying,Amateur,0
338,#285,Shroomish,Grass,,Beginner,0
339,#286,Breloom,Grass,Fighting,Amateur,0
340,#287,Slakoth,Normal,,Starter,0
341,#288,Vigoroth,Normal,,Amateur,0
342,#289,Slaking,Normal,,Ace,0
343,#290,Nincada,Bug,Ground,Beginner,0
344,#291,Ninjask,Bug,Flying,Amateur,0
345,#292,Shedinja,Bug,Ghost,Ace,0
346,#293,Whismur,Normal,,Starter,0
347,#294,Loudred,Normal,,Amateur,0
348,#295,Exploud,Normal,,Ace,0
349,#296,Makuhita,Fighting,,Beginner,0
350,#297,Hariyama,Fighting,,Amateur,0
351,#298,Azurill,Normal,Fairy,Starter,0
352,#299,Nosepass,Rock,,Beginner,0
353,#300,Skitty,Normal,,Starter,0
354,#301,Delcatty,Normal,,Beginner,0
355,#302,Sableye,Dark,Ghost,Amateur,0
356,#302,Mega-Sableye,Dark,Ghost,Ace,0
357,#303,Mawile,Steel,Fairy,Amateur,0
358,#303,Mega-Mawile,Steel,Fairy,Ace,0
359,#304,Aron,Steel,Rock,Beginner,0
360,#305,Lairon,Steel,Rock,Amateur,0
361,#306,Aggron,Steel,Rock,Pro,0
362,#306,Mega-Aggron,Steel,,Master,0
363,#307,Meditite,Fighting,Psychic,Beginner,0
364,#308,Medicham,Fighting,Psychic,Amateur,0
365,#308,Mega-Medicham,Fighting,Psychic,Ace,0
366,#309,Electrike,Electric,,Beginner,0
367,#310,Manectric,Electric,,Amateur,0
368,#310,Mega-Manectric,Electric,,Ace,0
369,#311,Plusle,Electric,,Starter,0
370,#312,Minun,Electric,,Starter,0
371,#313,Volbeat,Bug,,Beginner,0
372,#314,Illumise,Bug,,Beginner,0
373,#315,Roselia,Grass,Poison,Beginner,0
374,#316,Gulpin,Poison,,Starter,0
375,#317,Swalot,Poison,,Amateur,0
376,#318,Carvanha,Water,Dark,Beginner,0
377,#319,Sharpedo,Water,Dark,Ace,0
378,#319,Mega-Sharpedo,Water,Dark,Pro,0
379,#320,Wailmer,Water,,Amateur,0
380,#321,Wailord,Water,,Ace,0
381,#322,Numel,Fire,Ground,Beginner,0
382,#323,Camerupt,Fire,Ground,Amateur,0
383,#323,Mega-Camerupt,Fire,Ground,Ace,0
384,#324,Torkoal,Fire,,Amateur,0
385,#325,Spoink,Psychic,,Starter,0
386,#326,Grumpig,Psychic,,Amateur,0
387,#327,Spinda,Normal,,Beginner,0
388,#328,Trapinch,Ground,,Beginner,0
389,#329,Vibrava,Ground,Dragon,Amateur,0
390,#330,Flygon,Ground,Dragon,Ace,0
391,#331,Cacnea,Grass,,Beginner,0
392,#332,Cacturne,Grass,Dark,Amateur,0
393,#333,Swablu,Normal,Flying,Beginner,0
394,#334,Altaria,Dragon,Flying,Ace,0
395,#334,Mega-Altaria,Dragon,Fairy,Pro,0
396,#335,Zangoose,Normal,,Amateur,0
397,#336,Seviper,Poison,,Amateur,0
398,#337,Lunatone,Rock,Psychic,Amateur,0
399,#338,Solrock,Rock,Psychic,Amateur,0
400,#339,Barboach,Water,Ground,Starter,0
401,#340,Whiscash,Water,Ground,Amateur,0
402,#341,Corphish,Water,,Beginner,0
403,#342,Crawdaunt,Water,Dark,Amateur,0
404,#343,Baltoy,Ground,Psychic,Beginner,0
405,#344,Claydol,Ground,Psychic,Ace,0
406,#345,Lileep,Rock,Grass,Beginner,0
407,#346,Cradily,Rock,Grass,Amateur,0
408,#347,Anorith,Rock,Bug,Beginner,0
409,#348,Armaldo,Rock,Bug,Ace,0
410,#349,Feebas,Water,,Starter,0
411,#350,Milotic,Water,,Ace,0
412,#351,Castform,Normal,,Amateur,0
413,#352,Kecleon,Normal,,Amateur,0
414,#353,Shuppet,Ghost,,Beginner,0
415,#354,Banette,Ghost,,Amateur,0
416,#354,Mega-Banette,Ghost,,Ace,0
417,#355,Duskull,Ghost,,Beginner,0
418,#356,Dusclops,Ghost,,Amateur,0
419,#357,Tropius,Grass,Flying,Amateur,0
420,#358,Chimecho,Psychic,,Amateur,0
421,#359,Absol,Dark,,Amateur,0
422,#359,Mega-Absol,Dark,,Ace,0
423,#360,Wynaut,Psychic,,Starter,0
424,#361,Snorunt,Ice,,Beginner,0
425,#362,Glalie,Ice,,Amateur,0
426,#362,Mega-Glalie,Ice,,Ace,0
427,#363,Spheal,Ice,Water,Starter,0
428,#364,Sealeo,Ice,Water,Amateur,0
429,#365,Walrein,Ice,Water,Ace,0
430,#366,Clamperl,Water,,Beginner,0
431,#367,Huntail,Water,,Amateur,0
432,#368,Gorebyss,Water,,Amateur,0
433,#369,Relicanth,Water,Rock,Amateur,0
434,#370,Luvdisc,Water,,Beginner,0
435,#371,Bagon,Dragon,,Amateur,0
436,#372,Shelgon,Dragon,,Amateur,0
437,#373,Salamence,Dragon,Flying,Pro,0
438,#373,Mega-Salamence,Dragon,Flying,Master,0
439,#374,Beldum,Steel,Psychic,Beginner,0
440,#375,Metang,Steel,Psychic,Amateur,0
441,#376,Metagross,Steel,Psychic,Pro,0
442,#376,Mega-Metagross,Steel,Psychic,Master,0
443,#377,Regirock,Rock,,Master,0
444,#378,Regice,Ice,,Master,0
445,#379,Registeel,Steel,,Master,0
446,#380,Latias,Dragon,Psychic,Master,0
447,#380,Mega-Latias,Dragon,Psychic,Master,0
448,#381,Latios,Dragon,Psychic,Master,0
449,#381,Mega-Latios,Dragon,Psychic,Master,0
450,#382,Kyogre,Water,,Master,0
451,#382,Primal Kyogre,Water,,Master,0
452,#383,Groudon,Ground,,Master,0
453,#383,Primal Groudon,Ground,Fire,Master,0
454,#384,Rayquaza,Dragon,Flying,Master,0
455,#384,Mega-Rayquaza,Dragon,Flying,Master,0
456,#385,Jirachi,Steel,Psychic,Master,0
457,#386,Deoxys,Psychic,,Master,0
458,#386,Attack Deoxys,Psychic,,Master,0
459,#386,Defense Deoxys,Psychic,,Master,0
460,#386,Speed Deoxys,Psychic,,Master,0
461,#387,Turtwig,Grass,,Starter,0
462,#388,Grotle,Grass,,Amateur,0
463,#389,Torterra,Grass,Ground,Ace,0
464,#390,Chimchar,Fire,,Starter,0
465,#391,Monferno,Fire,Fighting,Amateur,0
466,#392,Infernape,Fire,Fighting,Ace,0
467,#393,Piplup,Water,,Beginner,0
468,#394,Prinplup,Water,,Amateur,0
469,#395,Empoleon,Water,Steel,Ace,0
470,#396,Starly,Normal,Flying,Starter,0
471,#397,Staravia,Normal,Flying,Amateur,0
472,#398,Staraptor,Normal,Flying,Ace,0
473,#399,Bidoof,Normal,,Starter,0
474,#400,Bibarel,Normal,Water,Beginner,0
475,#401,Kricketot,Bug,,Starter,0
476,#402,Kricketune,Bug,,Beginner,0
477,#403,Shinx,Electric,,Beginner,0
478,#404,Luxio,Electric,,Amateur,0
479,#405,Luxray,Electric,,Ace,0
480,#406,Budew,Grass,Poison,Starter,0
481,#407,Roserade,Grass,Poison,Amateur,0
482,#408,Cranidos,Rock,,Amateur,0
483,#409,Rampardos,Rock,,Ace,0
484,#410,Shieldon,Rock,Steel,Amateur,0
485,#411,Bastiodon,Rock,Steel,Ace,0
486,#412,Burmy,Bug,,Starter,0
487,#413,Grass Wormadam,Bug,Grass,Beginner,0
488,#413,Steel Wormadam,Bug,Steel,Beginner,0
489,#413,Ground Wormadam,Bug,Ground,Beginner,0
490,#414,Mothim,Bug,Flying,Amateur,0
491,#415,Combee,Bug,Flying,Starter,0
492,#416,Vespiquen,Bug,Flying,Ace,0
493,#417,Pachirisu,Electric,,Beginner,0
494,#418,Buizel,Water,,Beginner,0
495,#419,Floatzel,Water,,Amateur,0
496,#420,Cherubi,Grass,,Starter,0
497,#421,Cherrim,Grass,,Beginner,0
498,#422,Shellos,Water,,Beginner,0
499,#423,Gastrodon,Water,Ground,Amateur,0
500,#424,Ambipom,Normal,,Amateur,0
501,#425,Drifloon,Ghost,Flying,Amateur,0
502,#426,Drifblim,Ghost,Flying,Ace,0
503,#427,Buneary,Normal,,Starter,0
504,#428,Lopunny,Normal,,Amateur,0
505,#428,Mega-Lopunny,Normal,Fighting,Ace,0
506,#429,Mismagius,Ghost,,Ace,0
507,#430,Honchkrow,Dark,Flying,Amateur,0
508,#431,Glameow,Normal,,Starter,0
509,#432,Purugly,Normal,,Amateur,0
510,#433,Chingling,Psychic,,Starter,0
511,#434,Stunky,Poison,Dark,Beginner,0
512,#435,Skuntank,Poison,Dark,Amateur,0
513,#436,Bronzor,Steel,Psychic,Beginner,0
514,#437,Bronzong,Steel,Psychic,Ace,0
515,#438,Bonsly,Rock,,Starter,0
516,#439,Mime Jr.,Psychic,Fairy,Starter,0
517,#440,Happiny,Normal,,Starter,0
518,#441,Chatot,Normal,Flying,Amateur,0
519,#442,Spiritomb,Ghost,Dark,Pro,0
520,#443,Gible,Dragon,Ground,Amateur,0
521,#444,Gabite,Dragon,Ground,Ace,0
522,#445,Garchomp,Dragon,Ground,Pro,0
523,#445,Mega-Garchomp,Dragon,Ground,Master,0
524,#446,Munchlax,Normal,,Beginner,0
525,#447,Riolu,Fighting,,Amateur,0
526,#448,Lucario,Fighting,Steel,Ace,0
527,#448,Mega-Lucario,Fighting,Steel,Pro,0
528,#449,Hippopotas,Ground,,Amateur,0
529,#450,Hippowdon,Ground,,Ace,0
530,#451,Skorupi,Poison,Bug,Beginner,0
531,#452,Drapion,Poison,Dark,Ace,0
532,#453,Croagunk,Poison,Fighting,Beginner,0
533,#454,Toxicroak,Poison,Fighting,Amateur,0
534,#455,Carnivine,Grass,,Amateur,0
535,#456,Finneon,Water,,Beginner,0
536,#457,Lumineon,Water,,Amateur,0
537,#458,Mantyke,Water,Flying,Beginner,0
538,#459,Snover,Grass,Ice,Amateur,0
539,#460,Abomasnow,Grass,Ice,Ace,0
540,#460,Mega-Abomasnow,Grass,Ice,Pro,0
541,#461,Weavile,Dark,Ice,Amateur,0
542,#462,Magnezone,Electric,Steel,Ace,0
543,#463,Lickilicky,Normal,,Ace,0
544,#464,Rhyperior,Ground,Rock,Pro,0
545,#465,Tangrowth,Grass,,Ace,0
546,#466,Electivire,Electric,,Ace,0
547,#467,Magmortar,Fire,,Ace,0
548,#468,Togekiss,Fairy,Flying,Ace,0
549,#469,Yanmega,Bug,Flying,Ace,0
550,#470,Leafeon,Grass,,Amateur,0
551,#471,Glaceon,Ice,,Amateur,0
552,#472,Gliscor,Ground,Flying,Ace,0
553,#473,Mamoswine,Ice,Ground,Ace,0
554,#474,Porygon-Z,Normal,,Ace,0
555,#475,Gallade,Psychic,Fighting,Ace,0
556,#475,Mega-Gallade,Psychic,Fighting,Pro,0
557,#476,Probopass,Rock,Steel,Amateur,0
558,#477,Dusknoir,Ghost,,Ace,0
559,#478,Froslass,Ice,Ghost,Ace,0
560,#479,Rotom,Electric,Ghost,Ace,0
561,#479,Rotom Heat,Electric,Fire,Ace,0
562,#479,Rotom Fan,Electric,Flying,Ace,0
563,#479,Rotom Mow,Electric,Grass,Ace,0
564,#479,Rotom Frost,Electric,Ice,Ace,0
565,#479,Rotom Wash,Electric,Water,Ace,0
566,#479,Rotom Dex,Electric,,Ace,0
567,#480,Uxie,Psychic,,Master,0
568,#481,Mesprit,Psychic,,Master,0
569,#482,Azelf,Psychic,,Master,0
570,#483,Dialga,Steel,Dragon,Master,0
571,#484,Palkia,Water,Dragon,Master,0
572,#485,Heatran,Fire,Steel,Ace,0
573,#486,Regigigas,Normal,,Master,0
574,#487,Giratina,Ghost,Dragon,Master,0
575,#488,Cresselia,Psychic,,Pro,0
576,#489,Phione,Water,,Pro,0
577,#490,Manaphy,Water,,Pro,0
578,#491,Darkrai,Dark,,Pro,0
579,#492,Shaymin,Grass,,Pro,0
580,#492,Sky Shaymin,Grass,Flying,Pro,0
581,#493,Arceus,Normal,,Master,0
582,#494,Victini,Psychic,Fire,Pro,0
583,#495,Snivy,Grass,,Beginner,0
584,#496,Servine,Grass,,Amateur,0
585,#497,Serperior,Grass,,Ace,0
586,#498,Tepig,Fire,,Beginner,0
587,#499,Pignite,Fire,Fighting,Amateur,0
588,#500,Emboar,Fire,Fighting,Ace,0
589,#501,Oshawott,Water,,Starter,0
590,#502,Dewott,Water,,Amateur,0
591,#503,Samurott,Water,,Ace,0
592,#504,Patrat,Normal,,Beginner,0
593,#505,Watchog,Normal,,Amateur,0
594,#506,Lillipup,Normal,,Starter,0
595,#507,Herdier,Normal,,Amateur,0
596,#508,Stoutland,Normal,,Amateur,0
597,#509,Purrloin,Dark,,Beginner,0
598,#510,Liepard,Dark,,Amateur,0
599,#511,Pansage,Grass,,Beginner,0
600,#512,Simisage,Grass,,Amateur,0
601,#513,Pansear,Fire,,Beginner,0
602,#514,Simisear,Fire,,Amateur,0
603,#515,Panpour,Water,,Beginner,0
604,#516,Simipour,Water,,Amateur,0
605,#517,Munna,Psychic,,Beginner,0
606,#518,Musharna,Psychic,,Amateur,0
607,#519,Pidove,Normal,Flying,Starter,0
608,#520,Tranquill,Normal,Flying,Amateur,0
609,#521,Unfezant,Normal,Flying,Amateur,0
610,#522,Blitzle,Electric,,Beginner,0
611,#523,Zebstrika,Electric,,Amateur,0
612,#524,Roggenrola,Rock,,Beginner,0
613,#525,Boldore,Rock,,Amateur,0
614,#526,Gigalith,Rock,,Ace,0
615,#527,Woobat,Psychic,Flying,Beginner,0
616,#528,Swoobat,Psychic,Flying,Amateur,0
617,#529,Drilbur,Ground,,Beginner,0
618,#530,Excadrill,Ground,Steel,Amateur,0
619,#531,Audino,Normal,,Beginner,0
620,#531,Mega-Audino,Normal,Fairy,Amateur,0
621,#532,Timburr,Fighting,,Beginner,0
622,#533,Gurdurr,Fighting,,Amateur,0
623,#534,Conkeldurr,Fighting,,Ace,0
624,#535,Tympole,Water,,Starter,0
625,#536,Palpitoad,Water,Ground,Beginner,0
626,#537,Seismitoad,Water,Ground,Amateur,0
627,#538,Throh,Fighting,,Amateur,0
628,#539,Sawk,Fighting,,Amateur,0
629,#540,Sewaddle,Bug,Grass,Starter,0
630,#541,Swadloon,Bug,Grass,Beginner,0
631,#542,Leavanny,Bug,Grass,Amateur,0
632,#543,Venipede,Bug,Poison,Amateur,0
633,#544,Whirlipede,Bug,Poison,Ace,0
634,#545,Scolipede,Bug,Poison,Pro,0
635,#546,Cottonee,Grass,Fairy,Beginner,0
636,#547,Whimsicott,Grass,Fairy,Amateur,0
637,#548,Petilil,Grass,,Beginner,0
638,#549,Lilligant,Grass,,Amateur,0
639,#550,Basculin,Water,,Amateur,0
640,#551,Sandile,Ground,Dark,Beginner,0
641,#552,Krokorok,Ground,Dark,Amateur,0
642,#553,Krookodile,Ground,Dark,Ace,0
643,#554,Darumaka,Fire,,Beginner,0
644,#554G,Galarian Darumaka,Ice,,Beginner,0
645,#555,Darmanitan,Fire,,Amateur,0
646,#555G,Galarian Darmanitan,Ice,,Amateur,0
647,#555,Zen Darmanitan,Fire,Psychic,Amateur,0
648,#555G,Galarian Zen Darmanitan,Ice,Fire,Amateur,0
649,#556,Maractus,Grass,,Amateur,0
650,#557,Dwebble,Bug,Rock,Beginner,0
651,#558,Crustle,Bug,Rock,Amateur,0
652,#559,Scraggy,Dark,Fighting,Beginner,0
653,#560,Scrafty,Dark,Fighting,Amateur,0
654,#561,Sigilyph,Psychic,Flying,Ace,0
655,#562,Yamask,Ghost,,Amateur,0
656,#562G,Galarian Yamask,Ground,Ghost,Amateur,0
657,#563,Cofagrigus,Ghost,,Pro,0
658,#564,Tirtouga,Water,Rock,Amateur,0
659,#565,Carracosta,Water,Rock,Ace,0
660,#566,Archen,Rock,Flying,Amateur,0
661,#567,Archeops,Rock,Flying,Ace,0
662,#568,Trubbish,Poison,,Beginner,0
663,#569,Garbodor,Poison,,Amateur,0
664,#570,Zorua,Dark,,Beginner,0
665,#571,Zoroark,Dark,,Amateur,0
666,#572,Minccino,Normal,,Beginner,0
667,#573,Cinccino,Normal,,Amateur,0
668,#574,Gothita,Psychic,,Starter,0
669,#575,Gothorita,Psychic,,Amateur,0
670,#576,Gothitelle,Psychic,,Ace,0
671,#577,Solosis,Psychic,,Beginner,0
672,#578,Duosion,Psychic,,Amateur,0
673,#579,Reuniclus,Psychic,,Ace,0
674,#580,Ducklett,Water,Flying,Beginner,0
675,#581,Swanna,Water,Flying,Amateur,0
676,#582,Vanillite,Ice,,Beginner,0
677,#583,Vanillish,Ice,,Amateur,0
678,#584,Vanilluxe,Ice,,Amateur,0
679,#585,Deerling,Normal,Grass,Starter,0
680,#586,Sawsbuck,Normal,Grass,Amateur,0
681,#587,Emolga,Electric,Flying,Beginner,0
682,#588,Karrablast,Bug,,Beginner,0
683,#589,Escavalier,Bug,Steel,Amateur,0
684,#590,Foongus,Grass,Poison,Beginner,0
685,#591,Amoonguss,Grass,Poison,Amateur,0
686,#592,Frillish,Water,Ghost,Amateur,0
687,#593,Jellicent,Water,Ghost,Ace,0
688,#594,Alomomola,Water,,Amateur,0
689,#595,Joltik,Bug,Electric,Starter,0
690,#596,Galvantula,Bug,Electric,Amateur,0
691,#597,Ferroseed,Grass,Steel,Beginner,0
692,#598,Ferrothorn,Grass,Steel,Amateur,0
693,#599,Klink,Steel,,Beginner,0
694,#600,Klang,Steel,,Amateur,0
695,#601,Klinklang,Steel,,Ace,0
696,#602,Tynamo,Electric,,Starter,0
697,#603,Eelektrik,Electric,,Beginner,0
698,#604,Eelektross,Electric,,Amateur,0
699,#605,Elgyem,Psychic,,Amateur,0
700,#606,Beheeyem,Psychic,,Amateur,0
701,#607,Litwick,Ghost,Fire,Beginner,0
702,#608,Lampent,Ghost,Fire,Amateur,0
703,#609,Chandelure,Ghost,Fire,Pro,0
704,#610,Axew,Dragon,,Amateur,0
705,#611,Fraxure,Dragon,,Ace,0
706,#612,Haxorus,Dragon,,Pro,0
707,#613,Cubchoo,Ice,,Beginner,0
708,#614,Beartic,Ice,,Ace,0
709,#615,Cryogonal,Ice,,Starter,0
710,#616,Shelmet,Bug,,Beginner,0
711,#617,Accelgor,Bug,,Amateur,0
712,#618,Stunfisk,Ground,Electric,Beginner,0
713,#618G,Galarian Stunfisk,Ground,Steel,Beginner,0
714,#619,Mienfoo,Fighting,,Beginner,0
715,#620,Mienshao,Fighting,,Amateur,0
716,#621,Druddigon,Dragon,,Pro,0
717,#622,Golett,Ground,Ghost,Amateur,0
718,#623,Golurk,Ground,Ghost,Pro,0
719,#624,Pawniard,Dark,Steel,Amateur,0
720,#625,Bisharp,Dark,Steel,Ace,0
721,#626,Bouffalant,Normal,,Amateur,0
722,#627,Rufflet,Normal,Flying,Amateur,0
723,#628,Braviary,Normal,Flying,Ace,0
724,#629,Vullaby,Dark,Flying,Beginner,0
725,#630,Mandibuzz,Dark,Flying,Amateur,0
726,#631,Heatmor,Fire,,Amateur,0
727,#632,Durant,Bug,Steel,Amateur,0
728,#633,Deino,Dark,Dragon,Amateur,0
729,#634,Zweilous,Dark,Dragon,Ace,0
730,#635,Hydreigon,Dark,Dragon,Pro,0
731,#636,Larvesta,Bug,Fire,Amateur,0
732,#637,Volcarona,Bug,Fire,Ace,0
733,#638,Cobalion,Steel,Fighting,Master,0
734,#639,Terrakion,Rock,Fighting,Master,0
735,#640,Virizion,Grass,Fighting,Master,0
736,#641,Tornadus,Flying,,Master,0
737,#641,Form Tornadus,Flying,,Master,0
738,#642,Thundurus,Electric,Flying,Master,0
739,#642,Form Thundurus,Electric,Flying,Master,0
740,#643,Reshiram,Dragon,Fire,Master,0
741,#644,Zekrom,Dragon,Electric,Master,0
742,#645,Landorus,Ground,Flying,Master,0
743,#645,Form Landorus,Ground,Flying,Master,0
744,#646,Kyurem,Dragon,Ice,Master,0
745,#646,Black Kyurem,Dragon,Ice,Master,0
746,#646,White Kyurem,Dragon,Ice,Master,0
747,#647,Keldeo,Water,Fighting,Master,0
748,#647,Form Keldeo,Water,Fighting,Master,0
749,#648,Meloetta,Normal,Psychic,Master,0
750,#648,Form Meloetta,Normal,Fighting,Master,0
751,#649,Genesect,Bug,Steel,Master,0
752,#650,Chespin,Grass,,Starter,0
753,#651,Quilladin,Grass,,Amateur,0
754,#652,Chesnaught,Grass,Fighting,Ace,0
755,#653,Fennekin,Fire,,Starter,0
756,#654,Braixen,Fire,,Amateur,0
757,#655,Delphox,Fire,Psychic,Ace,0
758,#656,Froakie,Water,,Beginner,0
759,#657,Frogadier,Water,,Amateur,0
760,#658,Greninja,Water,Dark,Ace,0
761,#668B,BBF Greninja,Water,Dark,Ace,0
762,#659,Bunnelby,Normal,,Beginner,0
763,#660,Diggersby,Normal,Ground,Amateur,0
764,#661,Fletchling,Normal,Flying,Starter,0
765,#662,Fletchinder,Fire,Flying,Beginner,0
766,#663,Talonflame,Fire,Flying,Amateur,0
767,#664,Scatterbug,Bug,,Starter,0
768,#665,Spewpa,Bug,,Beginner,0
769,#666,Vivillon,Bug,Flying,Amateur,0
770,#667,Litleo,Fire,Normal,Amateur,0
771,#668,Pyroar,Fire,Normal,Ace,0
772,#669,Flabebe,Fairy,,Starter,0
773,#670,Floette,Fairy,,Beginner,0
774,#671,Florges,Fairy,,Amateur,0
775,#672,Skiddo,Grass,,Beginner,0
776,#673,Gogoat,Grass,,Amateur,0
777,#674,Pancham,Fighting,,Beginner,0
778,#675,Pangoro,Fighting,Dark,Ace,0
779,#676,Furfrou,Normal,,Amateur,0
780,#677,Espurr,Psychic,,Beginner,0
781,#678,Meowstic,Psychic,,Amateur,0
782,#679,Honedge,Steel,Ghost,Amateur,0
783,#680,Doublade,Steel,Ghost,Ace,0
784,#681,Aegislash,Steel,Ghost,Pro,0
785,#681,Form Aegislash,Steel,Ghost,Pro,0
786,#682,Spritzee,Fairy,,Beginner,0
787,#683,Aromatisse,Fairy,,Amateur,0
788,#684,Swirlix,Fairy,,Beginner,0
789,#685,Slurpuff,Fairy,,Amateur,0
790,#686,Inkay,Dark,Psychic,Beginner,0
791,#687,Malamar,Dark,Psychic,Amateur,0
792,#688,Binacle,Rock,Water,Beginner,0
793,#689,Barbaracle,Rock,Water,Amateur,0
794,#690,Skrelp,Poison,Water,Beginner,0
795,#691,Dragalge,Poison,Dragon,Pro,0
796,#692,Clauncher,Water,,Beginner,0
797,#693,Clawitzer,Water,,Amateur,0
798,#694,Helioptile,Electric,Normal,Beginner,0
799,#695,Heliolisk,Electric,Normal,Amateur,0
800,#696,Tyrunt,Rock,Dragon,Amateur,0
801,#697,Tyrantrum,Rock,Dragon,Master,0
802,#698,Amaura,Rock,Ice,Beginner,0
803,#699,Aurorus,Rock,Ice,Ace,0
804,#700,Sylveon,Fairy,,Amateur,0
805,#701,Hawlucha,Fighting,Flying,Amateur,0
806,#702,Dedenne,Electric,Fairy,Starter,0
807,#703,Carbink,Rock,Fairy,Starter,0
808,#704,Goomy,Dragon,,Starter,0
809,#705,Sliggoo,Dragon,,Beginner,0
810,#706,Goodra,Dragon,,Amateur,0
811,#707,Klefki,Steel,Fairy,Amateur,0
812,#708,Phantump,Ghost,Grass,Beginner,0
813,#709,Trevenant,Ghost,Grass,Pro,0
814,#710,Pumpkaboo,Ghost,Grass,Beginner,0
815,#711,Gourgeist,Ghost,Grass,Amateur,0
816,#712,Bergmite,Ice,,Beginner,0
817,#713,Avalugg,Ice,,Ace,0
818,#714,Noibat,Flying,Dragon,Amateur,0
819,#715,Noivern,Flying,Dragon,Pro,0
820,#716,Xerneas,Fairy,,Master,0
821,#717,Yveltal,Dark,Flying,Master,0
822,#718,Zygarde Cell,Dragon,Ground,Starter,0
823,#718,Zygarde 10%,Dragon,Ground,Pro,0
824,#718,Zygarde 50%,Dragon,Ground,Master,0
825,#718,Zygarde 100%,Dragon,Ground,Master,0
826,#719,Diancie,Rock,Fairy,Pro,0
827,#719,Mega-Diancie,Rock,Fairy,Pro,0
828,#720,Hoopa,Psychic,Ghost,Pro,0
829,#720,Hoopa Unbound,Psychic,Dark,Master,0
830,#721,Volcanion,Fire,Water,Pro,0
831,#722,Rowlet,Grass,Flying,Starter,0
832,#723,Dartrix,Grass,Flying,Amateur,0
833,#724,Decidueye,Grass,Ghost,Ace,0
834,#725,Litten,Fire,,Starter,0
835,#726,Torracat,Fire,,Amateur,0
836,#727,Incineroar,Fire,Dark,Ace,0
837,#728,Popplio,Water,,Starter,0
838,#729,Brionne,Water,,Amateur,0
839,#730,Primarina,Water,Fairy,Ace,0
840,#731,Pikipek,Normal,Flying,Starter,0
841,#732,Trumbeak,Normal,Flying,Beginner,0
842,#733,Toucannon,Normal,Flying,Amateur,0
843,#734,Yungoos,Normal,,Beginner,0
844,#735,Gumshoos,Normal,,Amateur,0
845,#736,Grubbin,Bug,,Starter,0
846,#737,Charjabug,Bug,Electric,Beginner,0
847,#738,Vikavolt,Bug,Electric,Amateur,0
848,#739,Crabrawler,Fighting,,Amateur,0
849,#740,Crabominable,Fighting,Ice,Ace,0
850,#741,Oricorio Fire,Fire,Flying,Beginner,0
851,#741,Oricorio Electric,Electric,Flying,Beginner,0
852,#741,Oricorio Psychic,Psychic,Flying,Beginner,0
853,#741,Oricorio Ghost,Ghost,Flying,Beginner,0
854,#742,Cutiefly,Bug,Fairy,Starter,0
855,#743,Ribombee,Bug,Fairy,Beginner,0
856,#744,Rockruff,Rock,,Beginner,0
857,#745,Lycanroc Midday,Rock,,Amateur,0
858,#745,Lycanroc Dusk,Rock,,Amateur,0
859,#745,Lycanroc Midnight,Rock,,Amateur,0
860,#746,Wishiwashi,Water,,Starter,0
861,#746,Wishiwashi Swarm,Water,,Pro,0
862,#747,Mareanie,Poison,Water,Beginner,0
863,#748,Toxapex,Poison,Water,Amateur,0
864,#749,Mudbray,Ground,,Beginner,0
865,#750,Mudsdale,Ground,,Amateur,0
866,#751,Dewpider,Water,Bug,Starter,0
867,#752,Araquanid,Water,Bug,Amateur,0
868,#753,Fomantis,Grass,,Starter,0
869,#754,Lurantis,Grass,,Beginner,0
870,#755,Morelull,Grass,Fairy,Starter,0
871,#756,Shiinotic,Grass,Fairy,Beginner,0
872,#757,Salandit,Poison,Fire,Beginner,0
873,#758,Salazzle,Poison,Fire,Amateur,0
874,#759,Stufful,Normal,Fighting,Beginner,0
875,#760,Bewear,Normal,Fighting,Ace,0
876,#761,Bounsweet,Grass,,Starter,0
877,#762,Steenee,Grass,,Beginner,0
878,#763,Tsareena,Grass,,Amateur,0
879,#764,Comfey,Fairy,,Starter,0
880,#765,Oranguru,Normal,Psychic,Amateur,0
881,#766,Passimian,Fighting,,Amateur,0
882,#767,Wimpod,Bug,Water,Starter,0
883,#768,Golisopod,Bug,Water,Pro,0
884,#769,Sandygast,Ghost,Ground,Amateur,0
885,#770,Palossand,Ghost,Ground,Ace,0
886,#771,Pyukumuku,Water,,Starter,0
887,#772,Type: Null,Normal,,Ace,0
888,#773,Silvally,Normal,,Ace,0
889,#774,Minior,Rock,Flying,Beginner,0
890,#774,Minior Core,Rock,Flying,Beginner,0
891,#775,Komala,Normal,,Starter,0
892,#776,Turtonator,Fire,Dragon,Ace,0
893,#777,Togedemaru,Electric,Steel,Beginner,0
894,#778,Mimikyu,Ghost,Fairy,Amateur,0
895,#779,Bruxish,Water,Psychic,Amateur,0
896,#780,Drampa,Normal,Dragon,Ace,0
897,#781,Dhelmise,Ghost,Grass,Ace,0
898,#782,Jangmo-o,Dragon,,Beginner,0
899,#783,Hakamo-o,Dragon,Fighting,Amateur,0
900,#784,Kommo-o,Dragon,Fighting,Ace,0
901,#785,Tapu Koko,Electric,Fairy,Pro,0
902,#786,Tapu Lele,Psychic,Fairy,Pro,0
903,#787,Tapu Bulu,Grass,Fairy,Pro,0
904,#788,Tapu Fini,Water,Fairy,Pro,0
905,#789,Cosmog,Psychic,,Starter,0
906,#790,Cosmoem,Psychic,,Amateur,0
907,#791,Solgaleo,Psychic,Steel,Master,0
908,#792,Lunala,Psychic,Ghost,Master,0
909,#793,Nihilego,Rock,Poison,Pro,0
910,#794,Buzzwole,Bug,Fighting,Pro,0
911,#795,Pheromosa,Bug,Fighting,Pro,0
912,#796,Xurkitree,Electric,,Pro,0
913,#797,Celesteela,Steel,Flying,Pro,0
914,#798,Kartana,Grass,Steel,Pro,0
915,#799,Guzzlord,Dark,Dragon,Pro,0
916,#800,Necrozma,Psychic,,Pro,0
917,#800,Necrozma Dusk Mane,Psychic,Steel,Master,0
918,#800,Necrozma Dark Wings,Psychic,Ghost,Master,0
919,#800,Necrozma Ultra Burst,Psychic,Dragon,Master,0
920,#801,Magearna,Steel,Fairy,Pro,0
921,#802,Marshadow,Fighting,Ghost,Pro,0
922,#803,Poipole,Poison,,Amateur,0
923,#804,Naganadel,Poison,Dragon,Pro,0
924,#805,Stakataka,Rock,Steel,Pro,0
925,#806,Blacephalon,Fire,Ghost,Pro,0
926,#807,Zeraora,Electric,,Pro,0
927,#808,Meltan,Steel,,Amateur,0
928,#809,Melmetal,Steel,,Pro,0
929,#810,Grookey,Grass,,Starter,0
930,#811,Thwackey,Grass,,Amateur,0
931,#812,Rillaboom,Grass,,Ace,0
932,#813,Scorbunny,Fire,,Starter,0
933,#814,Raboot,Fire,,Amateur,0
934,#815,Cinderace,Fire,,Ace,0
935,#816,Sobble,Water,,Beginner,0
936,#817,Drizzile,Water,,Amateur,0
937,#818,Inteleon,Water,,Pro,0
938,#819,Skwovet,Normal,,Starter,0
939,#820,Greedent,Normal,,Amateur,0
940,#821,Rookidee,Flying,,Beginner,0
941,#822,Corvisquire,Flying,,Amateur,0
942,#823,Corviknight,Flying,Steel,Ace,0
943,#824,Blipbug,Bug,,Starter,0
944,#825,Dottler,Bug,Psychic,Beginner,0
945,#826,Orbeetle,Bug,Psychic,Amateur,0
946,#827,Nickit,Dark,,Beginner,0
947,#828,Thievul,Dark,,Amateur,0
948,#829,Gossifleur,Grass,,Beginner,0
949,#830,Eldegoss,Grass,,Amateur,0
950,#831,Wooloo,Normal,,Beginner,0
951,#832,Dubwool,Normal,,Amateur,0
952,#833,Chewtle,Water,,Beginner,0
953,#834,Drednaw,Water,Rock,Amateur,0
954,#835,Yamper,Electric,,Beginner,0
955,#836,Boltund,Electric,,Amateur,0
956,#837,Rolycoly,Rock,,Beginner,0
957,#838,Carkol,Rock,Fire,Amateur,0
958,#839,Coalossal,Rock,Fire,Ace,0
959,#840,Applin,Grass,Dragon,Beginner,0
960,#841,Flapple,Grass,Dragon,Ace,0
961,#842,Appletun,Grass,Dragon,Ace,0
962,#843,Silicobra,Ground,,Amateur,0
963,#844,Sandaconda,Ground,,Ace,0
964,#845,Cramorant,Flying,Water,Amateur,0
965,#846,Arrokuda,Water,,Amateur,0
966,#847,Barraskewda,Water,,Amateur,0
967,#848,Toxel,Electric,Poison,Amateur,0
968,#849,Toxtricity Amped,Electric,Poison,Ace,0
969,#849,Toxtricity Low Key,Electric,Poison,Ace,0
970,#850,Sizzlipede,Fire,Bug,Amateur,0
971,#851,Centiskorch,Fire,Bug,Ace,0
972,#852,Clobbopus,Fighting,,Beginner,0
973,#853,Grapploct,Fighting,,Amateur,0
974,#854,Sinistea,Ghost,,Beginner,0
975,#855,Polteageist,Ghost,,Amateur,0
976,#856,Hatenna,Psychic,,Beginner,0
977,#857,Hattrem,Psychic,,Amateur,0
978,#858,Hatterene,Psychic,Fairy,Ace,0
979,#859,Impidimp,Dark,Fairy,Beginner,0
980,#860,Morgrem,Dark,Fairy,Amateur,0
981,#861,Grimmsnarl,Dark,Fairy,Ace,0
982,#862,Obstagoon,Dark,Normal,Ace,0
983,#863,Perrserker,Steel,,Amateur,0
984,#864,Cursola,Ghost,,Ace,0
985,#865,Sirfetch'd,Fighting,,Amateur,0
986,#866,Mr. Rime,Ice,Psychic,Amateur,0
987,#867,Runerigus,Ground,Ghost,Ace,0
988,#868,Milcery,Fairy,,Starter,0
989,#869,Alcremie,Fairy,,Beginner,0
990,#870,Falinks,Fighting,,Amateur,0
991,#871,Pincurchin,Electric,,Amateur,0
992,#872,Snom,Ice,Bug,Starter,0
993,#873,Frosmoth,Ice,Bug,Amateur,0
994,#874,Stonjourner,Rock,,Amateur,0
995,#875,Eiscue,Ice,,Amateur,0
996,#875,Form Eiscue,Ice,,Amateur,0
997,#876,Indeedee,Psychic,Normal,Starter,0
998,#877,Morpeko,Electric,Dark,Beginner,0
999,#878,Cufant,Steel,,Beginner,0
1000,#879,Copperajah,Steel,,Amateur,0
1001,#880,Dracozolt,Electric,Dragon,Ace,0
1002,#881,Arctozolt,Electric,Ice,Ace,0
1003,#882,Dracovish,Water,Dragon,Ace,0
1004,#883,Arctovish,Water,Ice,Ace,0
1005,#884,Duraludon,Steel,Dragon,Ace,0
1006,#885,Dreepy,Dragon,Ghost,Starter,0
1007,#886,Drakloak,Dragon,Ghost,Ace,0
1008,#887,Dragapult,Dragon,Ghost,Pro,0
1009,#888,Zacian,Fairy,,Master,0
1010,#888,Form Zacian,Fairy,Steel,Master,0
1011,#889,Zamazenta,Fighting,,Master,0
1012,#889,Form Zamazenta,Fighting,Steel,Master,0
1013,#890,Eternatus,Poison,Dragon,Master,0
