ID,Name,Type,Category,Power,PowerStat,AccuracyStat1,AccuracyStat2,Target,Effect,Description
0,Attack Order,bug,PHYSICAL,3,STRENGTH,TOUGH,NATURE,Foe,High Critical. Ranged.,
1,Bug Bite,bug,PHYSICAL,2,STRENGTH,DEXTERITY,BRAWL,Foe,If the Target PokÈmon is holding a berry. the user eats it and gains its effect.,
2,Bug Buzz,bug,SPECIAL,3,SPECIAL,SPECIAL,PERFORM,Foe,Sound Based. Roll 1 Chance Dice to reduce foe's Sp. Defense.,
3,Defend Order,bug,SUPPORT,0,,TOUGH,NATURE,User,User Increases its Defense and Sp. Defense.,
4,Fell Stinger,bug,PHYSICAL,1,STRENGTH,DEXTERITY,BRAWL,Foe,If the foe faints due to damage from this attack increase the user's Strength by 2.,
5,First Impression,bug,PHYSICAL,3,STRENGTH,STRENGTH,INTIMIDATE,Foe,Priority 2. This move will only work the First Round the PokÈmon is out in battle. From the second round on it will fail automatically.,
6,Fury Cutter,bug,PHYSICAL,1,STRENGTH,DEXTERITY,BRAWL,Foe,Successive Actions.,
7,Heal Order,bug,SUPPORT,0,,TOUGH,NATURE,User,Basic Heal.,
8,Infestation,bug,SPECIAL,1,SPECIAL,DEXTERITY,CHANNEL,Foe,Blocks. Roll 2 Dice of Damage against the foe at the end of each Round. Lasts 4 Rounds.,
9,Leech Life,bug,PHYSICAL,3,STRENGTH,DEXTERITY,BRAWL,Foe,The user restores HP equal to half the damage dealt rounded down.,
10,Lunge,bug,PHYSICAL,3,STRENGTH,DEXTERITY,BRAWL,Foe,Reduce foe's Strength.,
11,Megahorn,bug,PHYSICAL,5,STRENGTH,STRENGTH,BRAWL,Foe,Lethal Damage. -2 Accuracy.,
12,Pin Missile,bug,PHYSICAL,1,STRENGTH,DEXTERITY,BRAWL,Foe,Ranged. Successive Actions.,
13,Pollen Puff,bug,SPECIAL,3,SPECIAL,SPECIAL,CHANNEL,Foe,When this move is used against an ally it will 1 HP instead of dealing damage.,
14,Powder,bug,SUPPORT,0,,INSIGHT,NATURE,Foe,Add 3 Dice of Damage to the next Fire Type attack that hits the target.,
15,Quiver Dance,bug,SUPPORT,0,,BEAUTY,PERFORM,User,Increases Dexterity. Special and Sp. Defense.,
16,Rage Powder,bug,SUPPORT,0,,INSIGHT,INTIMIDATE,User,Priority 2. During this Round. all damage moves from any foe must target the User.,
17,Signal Beam,bug,SPECIAL,3,SPECIAL,SPECIAL,CHANNEL,Foe,Roll 1 Chance Dice to Confuse the foe.,
18,Silver Wind,bug,SPECIAL,2,SPECIAL,DEXTERITY,CHANNEL,Foe,Roll 1 Chance Dice to Increase User's Strength. Dexterity. Special. Defense. Sp. Defense.,
19,Spider Web,bug,SUPPORT,0,,INSIGHT,STEALTH,Battlefield,Blocks.,
20,Steamroller,bug,PHYSICAL,2,STRENGTH,DEXTERITY,BRAWL,Foe,Roll 3 Chance Dice to Flinch the foe.,
21,Sticky Web,bug,SUPPORT,0,,INSIGHT,NATURE,Battlefield,Entry Hazard. Foe PokÈmon that enter the battlefield get a Dexterity Reduction of 1. PokÈmon with the Levitate ability and Flying Type PokÈmon are immune to this effect.,
22,String Shot,bug,SUPPORT,0,,INSIGHT,NATURE,All Foes,Targets All Foes in Range. Reduce the Dexterity of those affected.,
23,Struggle Bug,bug,SPECIAL,1,SPECIAL,DEXTERITY,CHANNEL,Foe,Reduce the foe's Special.,
24,Tail Glow,bug,SUPPORT,0,,INSIGHT,NATURE,User,Increase the User's Special by 3.,
25,Twineedle,bug,PHYSICAL,1,STRENGTH,DEXTERITY,BRAWL,Foe,Double action. Ranged. Roll 2 Chance Dice to Poison the foe per hit.,
26,U-Turn,bug,PHYSICAL,3,STRENGTH,DEXTERITY,BRAWL,Foe,The user switches out after dealing damage. The replacement PokÈmon arrives to ready to fight. Roll its initiative Switcher Move.,
27,X-Scissor,bug,PHYSICAL,3,STRENGTH,STRENGTH,BRAWL,Foe,-,
28,Assurance,dark,PHYSICAL,2,STRENGTH,DEXTERITY,BRAWL,Foe,If the User has already received damage from the target this Round add 2 Extra Dice to the Damage Pool.,
29,Baddy Bad,dark,SPECIAL,3,SPECIAL,DEXTERITY,CHANNEL,Foe,"If successful, for the next 4 Rounds the User and Allies will receive 1 less damage from Physical Attacks. This effect does not stack. If the user of this Move is at its Final Stage of Evolution, this move fails.",
30,Beat Up,dark,PHYSICAL,2,STRENGTH,DEXTERITY,BRAWL,Foe,If the attack is successful add 2 Dice of Damage for every ally PokÈmon that spends an action to help the user perform this move. up to 3 allies may join.,
31,Bite,dark,PHYSICAL,2,STRENGTH,DEXTERITY,BRAWL,Foe,Roll 3 Chance Dice to Flinch the foe.,
32,Brutal Swing,dark,PHYSICAL,2,STRENGTH,DEXTERITY,BRAWL,All Foes,Lethal. Target all Foes in range.,
33,Crunch,dark,PHYSICAL,3,STRENGTH,DEXTERITY,BRAWL,Foe,Lethal. Roll 1 Chance Dice to reduce foe's Defense.,
34,Dark Pulse,dark,SPECIAL,3,SPECIAL,INSIGHT,CHANNEL,Random Foe,Targets random foe. Roll 2 Chance Dice to Flinch the foe.,
35,Dark Void,dark,SUPPORT,0,,INSIGHT,CHANNEL,All Foes,All Foes in Range have the Sleep condition.  -3 Accuracy.,
36,Darkest Lariat,dark,PHYSICAL,3,STRENGTH,DEXTERITY,BRAWL,Foe,Ignore the the foe's Attribute Increases that would decrease this Move's damage.,
37,Embargo,dark,SUPPORT,0,,TOUGH,INTIMIDATE,Foe,The target cannon use its held item nor can its trainer use items on it.,
38,Fake Tears,dark,SUPPORT,0,,CUTE,PERFORM,Foe,Reduce the foe's Sp. Defense by 2.,
39,False Surrender,dark,PHYSICAL,3,STRENGTH,INSIGHT,ALLURE,Foe,Never Fail.,
40,Feint Attack,dark,PHYSICAL,2,STRENGTH,DEXTERITY,BRAWL,Foe,Never Fail.,
41,Flatter,dark,SUPPORT,0,,COOL,ALLURE,Foe,Reduce the foe's Special. Confuse foe.,
42,Fling,dark,PHYSICAL,1,STRENGTH,DEXTERITY,BRAWL,Foe,Ranged. Add up to 4 Dice to the Damage Pool. depending on the held item thrown. See P. 432 for more info.,
43,Foul Play,dark,PHYSICAL,3,,DEXTERITY,BRAWL,Foe,S.T.A.B of the user and Strength of the foe apply for this move's damage.,
44,Hone Claws,dark,SUPPORT,0,,INSIGHT,NATURE,User,Increase the User's Strength and Accuracy.,
45,Hyperspace Fury,dark,PHYSICAL,4,STRENGTH,DEXTERITY,BRAWL,Foe,Never Fails. Ignores the effect of any Shield Move the Foe might have used. Reduce the user's Defense.,
46,Jaw Lock,dark,PHYSICAL,3,STRENGTH,STRENGTH,BRAWL,Foe,Both User and Target are Blocked.,
47,Knock Off,dark,PHYSICAL,2,STRENGTH,DEXTERITY,BRAWL,Foe,The target PokÈmon loses its held item.,
48,Memento,dark,SUPPORT,0,,WILL,CHANNEL,Foe,The user faints. Reduce foe's Strength. Dexterity. Special. Defense and Sp. Defense by 2. Lasts for a whole scene.,
49,Nasty Plot,dark,SUPPORT,0,,CLEVER,ALERT,User,Increase the user's Special by 2.,
50,Night Daze,dark,SPECIAL,3,SPECIAL,DEXTERITY,CHANNEL,Foe,Roll 4 Chance Dice to Reduce foe's Accuracy.,
51,Night Slash,dark,PHYSICAL,3,STRENGTH,DEXTERITY,BRAWL,Foe,Lethal. High Critical.,
52,Obstruct,dark,SUPPORT,0,,DEXTERITY,INTIMIDATE,User,"Priority 4. Shield Move. * If the Foe used a Non-Ranged Physical Move against the user, Reduce the Foes Defense by 2.",
53,Parting Shot,dark,SUPPORT,0,,TOUGH,INTIMIDATE,Foe,Reduce foe's Strength and Special. The user switches out. the new PokÈmon arrives ready to fight. Roll for its initiative. Switcher Move.,
54,Payback,dark,PHYSICAL,2,STRENGTH,DEXTERITY,BRAWL,Foe,Add 2 Extra Dice to the Damage Pool if the target already damaged you this Round.,
55,Power Trip,dark,PHYSICAL,1,STRENGTH,DEXTERITY,BRAWL,Foe,Add 1 Dice to the Damage Pool of this Move for every Attribute increase the user has. Up to 7 Dice may be added this way. (ie. the user has 2 increased points on Defense. add 2 Damage dice).,
56,Punishment,dark,PHYSICAL,1,STRENGTH,DEXTERITY,BRAWL,Foe,Add up to 7 Dice to the Damage Pool for every Increased Attribute the foe has. (ie. Foe has 1 Increased dice in Dexterity & Strength that equals +2 Dice on the Damage Pool of this attack).,
57,Pursuit,dark,PHYSICAL,2,STRENGTH,DEXTERITY,BRAWL,Foe,If the foe is Switching Out or escaping. Add 2 Dice to the Damage Pool and Priority 1 to this move.,
58,Quash,dark,SUPPORT,0,,TOUGH,INTIMIDATE,Foe,For the rest of the scene. the target will go last in the order of Initiative.,
59,Snarl,dark,SPECIAL,2,SPECIAL,INSIGHT,PERFORM,Foe,Sound Based. Reduce the foe's Special.,
60,Snatch,dark,SUPPORT,0,,CLEVER,STEALTH,Foe,Erase any Increase or Decrease on the foe's Traits. and place them on the User instead.,
61,Sucker Punch,dark,PHYSICAL,3,STRENGTH,DEXTERITY,BRAWL,Foe,Priority 1. This move can only be used after the Target rolls a damaging move.,
62,Switcheroo,dark,SUPPORT,0,,INSIGHT,STEALTH,Foe,User and Foe switch their Held Item. If only one PokÈmon is holding an item it gives it away.,
63,Taunt,dark,SUPPORT,0,,TOUGH,INTIMIDATE,Foe,The target PokÈmon can only perform Damaging Moves and Evasion actions for the next 4 Rounds.,
64,Thief,dark,PHYSICAL,2,STRENGTH,DEXTERITY,BRAWL,Foe,The user steals the foe's Held Item.,
65,Throat Chop,dark,PHYSICAL,3,STRENGTH,DEXTERITY,BRAWL,Foe,"The target cannot use any ""Sound Based"" Move for the rest of the scene.",
66,Topsy-Turvy,dark,SUPPORT,0,,TOUGH,INTIMIDATE,Foe,Any Decreases on the foe's Attributes become Increases and vice versa.,
67,Torment,dark,SUPPORT,0,,TOUGH,INTIMIDATE,Foe,The target cannot use the same Moves it used during the last Round. Lasts 4 Rounds.,
68,Breaking Swipe,dragon,PHYSICAL,2,STRENGTH,DEXTERITY,BRAWL,All Foes,All Foes in Range. Reduce the Strength of those affected.,
69,Clanging Scales,dragon,SPECIAL,4,SPECIAL,DEXTERITY,PERFORM,All Foes,Sound Based. Reduce User's Defense.,
70,Clangorous Soul,dragon,SUPPORT,0,,TOUGH,PERFORM,User,"User deals Damage to itself equal to Half of its total HP rounded down. Increase User's Strength, Dexterity, Special, Defense and Sp. Defense.",
71,Core Enforcer,dragon,SPECIAL,4,SPECIAL,SPECIAL,CHANNEL,Foe,"If successful and the target of this Move has already inflicted damage this Round, remove the Foe's Ability for the rest of the Scene. (Battle Bond, Comatose, Disguise, Multitype, Power Construct, RKS System, Schooling, Stance Change & Shields Down are exceptions)",
72,Draco Meteor,dragon,SPECIAL,6,SPECIAL,SPECIAL,CHANNEL,Foe,Lethal. Reduce User's Special by 2. -1 Accuracy.,
73,Dragon Breath,dragon,SPECIAL,2,SPECIAL,DEXTERITY,CHANNEL,Foe,Roll 3 Chance Dice to Paralyze the foe.,
74,Dragon Claw,dragon,PHYSICAL,3,STRENGTH,DEXTERITY,BRAWL,Foe,-,
75,Dragon Dance,dragon,SUPPORT,0,,TOUGH,PERFORM,User,Increase the User's Strength and Dexterity.,
76,Dragon Darts,dragon,PHYSICAL,2,STRENGTH,DEXTERITY,CHANNEL,Foe,Ranged. Double Action,
77,Dragon Hammer,dragon,PHYSICAL,3,STRENGTH,DEXTERITY,BRAWL,Foe,-,
78,Dragon Pulse,dragon,SPECIAL,3,SPECIAL,DEXTERITY,CHANNEL,Foe,-,
79,Dragon Rage,dragon,SPECIAL,0,,DEXTERITY,CHANNEL,Foe,This moves always inflicts 2 damage.,
80,Dragon Rush,dragon,PHYSICAL,4,STRENGTH,DEXTERITY,BRAWL,Foe,Roll 2 Chance Dice to Flinch the foe. -2 Accuracy.,
81,Dragon Tail,dragon,PHYSICAL,2,STRENGTH,DEXTERITY,BRAWL,Foe,Low Priority 1. The target is hit and knocked back to its trainer. stunned. Forcing the trainer to send another PokÈmon. In the wild the target is sent away. Switcher Move. -1 Accuracy.,
82,Dual Chop,dragon,PHYSICAL,2,STRENGTH,DEXTERITY,BRAWL,Foe,Double Action. -1 Accuracy.,
83,Dynamax Cannon,dragon,SPECIAL,4,SPECIAL,SPECIAL,CHANNEL,Foe,"If the Foe is under the effects of Dynamax, This Move becomes Lethal and you add 4 Extra Dice to the Damage Pool.",
84,Eternabeam,dragon,SPECIAL,7,SPECIAL,SPECIAL,CHANNEL,Foe,Lethal. Must Recharge. -1 Accuracy.,
85,Outrage,dragon,PHYSICAL,5,STRENGTH,STRENGTH,BRAWL,Random Foe,Rampage.,
86,Roar of Time,dragon,SPECIAL,6,SPECIAL,SPECIAL,CHANNEL,Foe,"Lethal. If successful, the target can't have any action until next Round. -1 Accuracy.",
87,Spacial Rend,dragon,SPECIAL,4,SPECIAL,SPECIAL,CHANNEL,Foe,Lethal. High Critical.,
88,Twister,dragon,SPECIAL,2,SPECIAL,DEXTERITY,CHANNEL,Foe,Roll 2 Chance Dice to Flinch the foes.,
89,Aura Wheel,electric,PHYSICAL,4,STRENGTH,DEXTERITY,BRAWL,Foe,"If successful, Increase user's Dexterity. If the user is in ‚ÄúHangry‚Äù Form this Move is considered to be Dark-Type.",
90,Bolt Beak,electric,PHYSICAL,2,STRENGTH,DEXTERITY,BRAWL,Foe,"If the Target hasn't had a Turn this Round, add 2 Extra Dice to the Damage pool.",
91,Bolt Strike,electric,PHYSICAL,6,STRENGTH,STRENGTH,BRAWL,Foe,Roll 2 Chance Dice to Paralyze the foe. -2 Accuracy.,
92,Buzzy Buzz,electric,SPECIAL,3,SPECIAL,DEXTERITY,CHANNEL,Foe,"Paralyze the foe. If the user of this Move is at its Final Stage of Evolution, this move fails.",
93,Charge,electric,SUPPORT,0,,INSIGHT,NATURE,User,Add 2 Dice to the Damage Pool to the next Electric Damaging move the user performs.,
94,Charge Beam,electric,SPECIAL,2,SPECIAL,DEXTERITY,CHANNEL,Foe,Roll 5 Chance Dice to Increase the User's Special. -1 Accuracy.,
95,Discharge,electric,SPECIAL,3,SPECIAL,DEXTERITY,CHANNEL,Area,Roll 3 Chance Dice to Paralyze those affected.,
96,Eerie Impulse,electric,SUPPORT,0,,INSIGHT,NATURE,Foe,Reduce foe's Special by 2.,
97,Electric Terrain,electric,SUPPORT,0,,INSIGHT,NATURE,Battlefield,"For the Next 4 Rounds all Electric Attacks will deal 1 Extra Dice of Damage. Anyone on the ground will be cured from ""Sleep"" Status.",
98,Electrify,electric,SUPPORT,0,,INSIGHT,NATURE,Foe,The Damage from the next attack made by the target will be Electric Type.,
99,Electro Ball,electric,SPECIAL,2,STRENGTH,DEXTERITY,CHANNEL,Foe,The user adds 1 Dice to the Damage Pool for every Dexterity point the User has that surpasses the foe's. Up to 4 Dice may be added.,
100,Electroweb,electric,SPECIAL,2,SPECIAL,DEXTERITY,CHANNEL,All Foes,Reduce Dexterity of those affected.,
101,Fusion Bolt,electric,PHYSICAL,4,STRENGTH,STRENGTH,CHANNEL,Foe,"Lethal. If the Move ‚ÄúFusion Flare‚Äù has already been used by anyone this Round, add 4 Extra Dice to the Damage Pool of this Move.",
102,Ion Deluge,electric,SUPPORT,0,,INSIGHT,NATURE,Battlefield,For the rest of the Scene. Normal Type Moves will deal damage as if they were Electric Type Moves.,
103,Magnet Rise,electric,SUPPORT,0,,INSIGHT,NATURE,User,For the Next 4 Rounds the User gains immunity against Ground Type Moves.,
104,Magnetic Flux,electric,SUPPORT,0,,INSIGHT,NATURE,User and Allies,Increase the Defense and Sp. Defense of User and all its Electric and Steel Type Allies.,
105,Nuzzle,electric,PHYSICAL,1,STRENGTH,DEXTERITY,BRAWL,Foe,Paralyze the foe.,
106,Overdrive,electric,SPECIAL,3,SPECIAL,DEXTERITY,PERFORM,All Foes,All Foes in Range. Sound Based.,
107,Parabolic Charge,electric,SPECIAL,2,SPECIAL,DEXTERITY,CHANNEL,Area,The user restores HP equal to half the damage dealt to one target. rounded down.,
108,Pika Papow,electric,SPECIAL,0,SPECIAL,DEXTERITY,CHANNEL,Foe,"Add 1 Die to the Damage Roll for every point of Happiness on the User. If the user of this Move is at its Final Stage of Evolution, this move fails.",
109,Plasma Fists,electric,PHYSICAL,4,STRENGTH,DEXTERITY,BRAWL,Foe,"Fist Based. If successful, all Normal-Type Moves of the user will be considered ElectricType until the end of the Scene.",
110,Shock Wave,electric,SPECIAL,2,SPECIAL,DEXTERITY,CHANNEL,Foe,Never Fail.,
111,Spark,electric,PHYSICAL,2,STRENGTH,DEXTERITY,BRAWL,Foe,Roll 3 Chance Dice to Paralyze the foe.,
112,Thunder,electric,SPECIAL,5,SPECIAL,SPECIAL,CHANNEL,Foe,Lethal. Roll 3 Chance Dice to Paralyze foe. If performed under Sunny Weather. Reduce 1 additional dice from the Accuracy Roll. If performed under Rain Weather. Ignore this Moves Reduced Accuracy. -2 Accuracy.,
113,Thunder Fang,electric,PHYSICAL,2,STRENGTH,DEXTERITY,BRAWL,Foe,Roll 2 Chance Dice to Flinch the foe. Roll 2 Chance Dice to Paralyze the foe.,
114,Thunder Punch,electric,PHYSICAL,3,STRENGTH,DEXTERITY,BRAWL,Foe,Fist Based. Roll 1 Chance Dice to Paralyze foe.,
115,Thunder Shock,electric,SPECIAL,2,SPECIAL,DEXTERITY,CHANNEL,Foe,Roll 1 Chance Dice to Paralyze the foe.,
116,Thunder Wave,electric,SUPPORT,0,,INSIGHT,NATURE,Foe,Paralyze the foe. -1 Accuracy.,
117,Thunderbolt,electric,SPECIAL,3,SPECIAL,DEXTERITY,CHANNEL,Foe,Roll 1 Chance Dice to Paralyze the foe.,
118,Volt Switch,electric,SPECIAL,2,SPECIAL,DEXTERITY,CHANNEL,Foe,The user switches out after dealing damage. the new PokÈmon arrives ready to fight on the next Round. Switcher Move.,
119,Volt Tackle,electric,PHYSICAL,5,STRENGTH,STRENGTH,BRAWL,Foe,Recoil. Roll 1 Chance Dice to Paralyze the Foe.,
120,Wild Charge,electric,PHYSICAL,3,STRENGTH,DEXTERITY,BRAWL,Foe,Recoil.,
121,Zap Cannon,electric,SPECIAL,5,SPECIAL,DEXTERITY,CHANNEL,Foe,Lethal. Paralyze the Foe. -3 Accuracy.,
122,Zing Zap,electric,PHYSICAL,3,STRENGTH,DEXTERITY,BRAWL,Foe,Roll 3 Chance Dice to Flinch the Foe.,
123,Zippy Zap,electric,PHYSICAL,2,STRENGTH,DEXTERITY,BRAWL,Foe,"Priority 2. This Move is always a Critical Hit and gets the proper Bonus for it. If the user of this Move is at its Final Stage of Evolution, this move fails.",
124,Aromatic Mist,fairy,SUPPORT,0,,INSIGHT,NATURE,One Ally,Increase one Ally's Defense and Sp. Defense.,
125,Baby-Doll Eyes,fairy,SUPPORT,0,,CUTE,ALLURE,Foe,Priority 1. Reduce foe's Strength.,
126,Charm,fairy,SUPPORT,0,,CUTE,ALLURE,Foe,Reduce foe's Strength by 2.,
127,Crafty Shield,fairy,SUPPORT,0,,INSIGHT,NATURE,User and Allies,Priority 3. The User and its Allies are protected from the effects of a Support Move. Shield.,
128,Dazzling Gleam,fairy,SPECIAL,3,SPECIAL,DEXTERITY,CHANNEL,All Foes,-,
129,Decorate,fairy,SUPPORT,0,,BEAUTY,NATURE,One Ally,Increase the Strength and Special of One Ally by 2,
130,Disarming Voice,fairy,SPECIAL,2,SPECIAL,INSIGHT,PERFORM,All Foes,Sound Based. Never Fail. Targets All foes in range.,
131,Draining Kiss,fairy,SPECIAL,2,SPECIAL,DEXTERITY,CHANNEL,Foe,The User restores HP equal to half the damage dealt. rounded down.,
132,Fairy Lock,fairy,SUPPORT,0,,INSIGHT,NATURE,Battlefield,Blocks. Last 1 Round.,
133,Fairy Wind,fairy,SPECIAL,2,SPECIAL,DEXTERITY,CHANNEL,Foe,-,
134,Fleur Cannon,fairy,SPECIAL,6,SPECIAL,SPECIAL,CHANNEL,Foe,Lethal. Reduce User's Special by 2. -1 Accuracy.,
135,Floral Healing,fairy,SUPPORT,0,,INSIGHT,NATURE,One Ally,Basic Heal. If performed over Grassy Terrain this move is a Complete Heal.,
136,Flower Shield,fairy,SUPPORT,0,,INSIGHT,NATURE,Battlefield,Increase the Defense of All Grass Type PokÈmon on the field.,
137,Geomancy,fairy,SUPPORT,0,,INSIGHT,NATURE,User,"Charge Move. The user charges, then Increases by 2 its Dexterity, Special and Sp. Defense scores on its next Turn.",
138,Light of Ruin,fairy,SPECIAL,6,SPECIAL,SPECIAL,CHANNEL,Foe,Lethal. Recoil. -1 Accuracy.,
139,Misty Terrain,fairy,SUPPORT,0,,INSIGHT,NATURE,Battlefield,Creatures standing on the battlefield won't be affected by Status Ailments. Dragon Type attacks won't add their Power to the Damage Pool. Lasts 4 Rounds.,
140,Moonblast,fairy,SPECIAL,3,SPECIAL,SPECIAL,CHANNEL,Foe,Roll 3 Chance Dice to Reduce foe's Special.,
141,Moonlight,fairy,SUPPORT,0,,INSIGHT,NATURE,User,Basic Heal. If successful spend 1 Will point to activate. If performed at Night or Sunny Weather is in effect this move becomes a Complete Heal. If rain/Sandstorm Weather is in effect this move only heals 1hp,
142,Nature's Madness,fairy,SPECIAL,0,,INSIGHT,NATURE,Foe,"Damage Roll is Half of the Foe's remaining HP (up to 10) Rounded down. If the remaining HP of the foe is 1, this move fails. Ignore the foe's Defenses. -1 Accuracy.",
143,Play Rough,fairy,PHYSICAL,3,STRENGTH,DEXTERITY,BRAWL,Foe,Roll 1 Chance Dice to Reduce foe's Strength. -1 Accuracy.,
144,Sparkly Swirl,fairy,SPECIAL,3,SPECIAL,DEXTERITY,CHANNEL,Foe,"If successful, heal any Status Ailment on the User and Allies. If the user of this Move is at its Final Stage of Evolution, this move fails. -1 Accuracy.",
145,Spirit Break,fairy,PHYSICAL,2,STRENGTH,INSIGHT,BRAWL,Foe,"If successful, reduce the Foe's Special.",
146,Strange Steam,fairy,SPECIAL,3,SPECIAL,SPECIAL,CHANNEL,Foe,Roll 2 Chance Dice to Confuse the Foe.,
147,Sweet Kiss,fairy,SUPPORT,0,,CUTE,ALLURE,Foe,Confuse the foe. -2 Accuracy.,
148,Arm Thrust,fighting,PHYSICAL,1,STRENGTH,DEXTERITY,BRAWL,Foe,Successive Actions.,
149,Aura Sphere,fighting,SPECIAL,3,SPECIAL,DEXTERITY,CHANNEL,Foe,Never Fail.,
150,Body Press,fighting,PHYSICAL,3,VITALITY,STRENGTH,BRAWL,Foe,-,
151,Brick Break,fighting,PHYSICAL,3,STRENGTH,DEXTERITY,BRAWL,Foe,If a Barrier is in place on the foe's side (ie. Light Screen. Reflect) destroy the barrier and add 2 Extra Dice to the Damage Pool.,
152,Bulk Up,fighting,SUPPORT,0,,VITALITY,ATHLETIC,User,Increase the User's Strength and Defense.,
153,Circle Throw,fighting,PHYSICAL,2,STRENGTH,DEXTERITY,BRAWL,Foe,Low Priority 1. The target is hit and knocked back to its trainer forcing it to send another PokÈmon. the in the wild the target is sent away. Switcher Move. -1 Accuracy.,
154,Close Combat,fighting,PHYSICAL,5,STRENGTH,STRENGTH,BRAWL,Foe,After dealing damage. Reduce the User's Defense and Sp. Defense.,
155,Counter,fighting,PHYSICAL,2,,INSIGHT,BRAWL,Foe,This Move can only deal damage if the Foe has dealt Physical Damage to the User this Round. Roll the same Damage Pool as your Foe plus 2 Extra Dice. Ignore the foe's Defenses.,
156,Cross Chop,fighting,PHYSICAL,4,STRENGTH,DEXTERITY,BRAWL,Foe,High Critical. -2 Accuracy.,
157,Detect,fighting,SUPPORT,0,,INSIGHT,ALERT,User,Priority 5. Shield Move. Reduce 3 Dice from the foe's Damage Pool. Negate effects of Support Moves that target the user. Reduce to zero the set damage from a move the user would take.,
158,Double Kick,fighting,PHYSICAL,2,STRENGTH,DEXTERITY,BRAWL,Foe,Double Action.,
159,Drain Punch,fighting,PHYSICAL,3,STRENGTH,DEXTERITY,BRAWL,Foe,Fist Based. The user restore HP equal to half the damage dealt. rounded down.,
160,Dynamic Punch,fighting,PHYSICAL,4,STRENGTH,DEXTERITY,BRAWL,Foe,Fist Based. Confuse the foe. -3 Accuracy.,
161,Final Gambit,fighting,SPECIAL,0,,WILL,ATHLETIC,Foe,Ignore the foe's Defenses. The user faints after dealing damage.,
162,Flying Press,fighting,PHYSICAL,3,STRENGTH,DEXTERITY,BRAWL,Foe,When Dealing damage with this move. it counts as if this move was also Flying Type.,
163,Focus Blast,fighting,SPECIAL,5,SPECIAL,SPECIAL,CHANNEL,Foe,Roll 1 Chance Dice to Reduce foe's Sp. Defense. -2 Accuracy.,
164,Focus Punch,fighting,PHYSICAL,6,STRENGTH,STRENGTH,BRAWL,Foe,Fist Based. Charge Move. The User will flinch if it gets hit before releasing this attack.,
165,Force Palm,fighting,PHYSICAL,2,STRENGTH,DEXTERITY,BRAWL,Foe,Roll 3 Chance Dice to Paralyze the foe.,
166,Hammer Arm,fighting,PHYSICAL,4,STRENGTH,DEXTERITY,BRAWL,Foe,After dealing damage. Reduce user's Dexterity. -1 Accuracy.,
167,High Jump Kick,fighting,PHYSICAL,5,STRENGTH,DEXTERITY,BRAWL,Foe,If Accuracy Roll is unsuccessful. deal 5 Dice of Damage to the User. -1 Accuracy.,
168,Jump Kick,fighting,PHYSICAL,4,STRENGTH,DEXTERITY,BRAWL,Foe,If Accuracy Roll is unsuccessful. deal 4 Dice of Damage to the User.,
169,Karate Chop,fighting,PHYSICAL,3,STRENGTH,DEXTERITY,BRAWL,Foe,High Critical.,
170,Low Kick,fighting,PHYSICAL,1,STRENGTH,DEXTERITY,BRAWL,Foe,Add 1 Extra Dice to the Damage Pool for every 50 kgs. of weight on the foe. up to +4 Extra Dice.,
171,Low Sweep,fighting,PHYSICAL,2,STRENGTH,DEXTERITY,BRAWL,Foe,Reduce Foe's Dexterity by 2.,
172,Mach Punch,fighting,PHYSICAL,2,STRENGTH,DEXTERITY,BRAWL,Foe,Fist Based. Priority 1.,
173,Mat Block,fighting,SUPPORT,0,,DEXTERITY,ATHLETIC,User and Allies,Shield. Reduce 3 Dice from the foe's Damage Pool. This Move only works the first Round the User has been out.,
174,Meteor Assault,fighting,PHYSICAL,6,STRENGTH,STRENGTH,BRAWL,Foe,Lethal. Must Recharge. -1 Accuracy.,
175,No Retreat,fighting,SUPPORT,0,,INSIGHT,NATURE,User,"Increase the User's Strength, Dexterity, Special, Defense and Sp. Defense. The user is now blocked.",
176,Octolock,fighting,SUPPORT,0,,STRENGTH,BRAWL,Foe,Block. Reduce the foe's Defense and Sp. Defense.,
177,Power-Up Punch,fighting,PHYSICAL,2,STRENGTH,DEXTERITY,BRAWL,Foe,Fist Based. Increase User's Strength.,
178,Quick Guard,fighting,SUPPORT,0,,DEXTERITY,ATHLETIC,User and Allies,"Priority 3. Shield Move. This move will only protect against Damaging Moves with ""Priority"". Reduce 3 Dice from the foe's Damage Pool. Negate the effects of support moves that target the User and Allies.",
179,Revenge,fighting,PHYSICAL,2,STRENGTH,DEXTERITY,BRAWL,Foe,If the User has already received damage this round. add 2 Extra Dice to the Damage Pool.,
180,Reversal,fighting,PHYSICAL,1,STRENGTH,DEXTERITY,BRAWL,Foe,Add 1 Extra Dice to the Damage Pool for every missing HP the User has. Up to 5 Dice may be added this Way.,
181,Rock Smash,fighting,PHYSICAL,2,STRENGTH,DEXTERITY,BRAWL,Foe,Roll 5 Chance Dice tto Reduce foe's Defense.,
182,Rolling Kick,fighting,PHYSICAL,2,STRENGTH,DEXTERITY,BRAWL,Foe,Roll 3 Chance Dice to Flinch the Foe. -2 Accuracy.,
183,Sacred Sword,fighting,PHYSICAL,3,STRENGTH,DEXTERITY,BRAWL,Foe,Ignore any Increases to the foe's Defense.,
184,Secret Sword,fighting,SPECIAL,3,SPECIAL,DEXTERITY,CHANNEL,Foe,Apply the foe's Defense instead of its Sp.Defense to resist Damage from this Move,
185,Seismic Toss,fighting,PHYSICAL,0,,STRENGTH,ATHLETIC,Foe,Roll Damage Dice according to the User's Rank. 1 Dice at Starter Rank. 2 Dice at Beginner Rank.  3 dice at Amateur Rank.  4 Dice at Ace Rank.  5 Dice at Professional Rank. Ignores Defense.,
186,Sky Uppercut,fighting,PHYSICAL,3,STRENGTH,DEXTERITY,BRAWL,Foe, -1 Accuracy.,
187,Storm Throw,fighting,PHYSICAL,2,STRENGTH,DEXTERITY,BRAWL,Foe,If the Accuracy Roll is successful this move becomes a Critical Hit.,
188,Submission,fighting,PHYSICAL,3,STRENGTH,DEXTERITY,BRAWL,Foe,Recoil. -2 Accuracy.,
189,Superpower,fighting,PHYSICAL,5,STRENGTH,STRENGTH,BRAWL,Foe,Lethal. Reduce User's Strength and Defense.,
190,Triple Kick,fighting,PHYSICAL,1,STRENGTH,DEXTERITY,BRAWL,Foe,Successive Actions. Add 1 Extra Dice to Damage Pool to the last kick performed. -1 Accuracy.,
191,Vacuum Wave,fighting,SPECIAL,2,SPECIAL,DEXTERITY,CHANNEL,Foe,Priority 1.,
192,Vital Throw,fighting,PHYSICAL,2,STRENGTH,DEXTERITY,BRAWL,Foe,Low Priority 1. Never Fail.,
193,Wake-Up Slap,fighting,PHYSICAL,2,STRENGTH,DEXTERITY,BRAWL,Foe,If the Foe is sleeping. Add 2 Extra Dice to the Damage Pool. The foe Wakes up afterwards.,
194,Blast Burn,fire,SPECIAL,6,SPECIAL,SPECIAL,CHANNEL,Foe,Lethal. Must Recharge. -1 Accuracy.,
195,Blaze Kick,fire,PHYSICAL,3,STRENGTH,DEXTERITY,BRAWL,Foe,High Critical. Roll 2 Chance Dice to Apply Burn 2 to the Foe. -1 Accuracy.,
196,Blue Flare,fire,SPECIAL,6,SPECIAL,SPECIAL,CHANNEL,Foe,Roll 2 Chance Dice to Apply Burn 3 to the foe. -2 Accuracy.,
197,Burn Up,fire,SPECIAL,7,SPECIAL,WILL,CHANNEL,Foe,Lethal. After Damage is dealt. the user is no longer considered a Fire-Type for the rest of the day (if its only type was Fire. it is now considered Typeless). Fire-type Moves won't add their Power to the Damage pool of this PokÈmon for the rest of the day.,
198,Ember,fire,SPECIAL,2,SPECIAL,DEXTERITY,CHANNEL,Foe,Roll 1 Chance Dice to Burn the foe.,
199,Eruption,fire,SPECIAL,6,SPECIAL,SPECIAL,CHANNEL,All Foes,Lethal. Reduce 1 Dice from the Damage Pool for every missing HP the User has. Up to 5 dice may be removed this way.,
200,Fiery Dance,fire,SPECIAL,3,SPECIAL,DEXTERITY,PERFORM,Foe,Roll 5 Chance Dice to Increase the User's Special.,
201,Fire Blast,fire,SPECIAL,5,SPECIAL,SPECIAL,CHANNEL,Foe,Lethal. Roll 3 Chance Dice to apply Burn 3 to the foe. -2 Accuracy.,
202,Fire Fang,fire,PHYSICAL,2,STRENGTH,DEXTERITY,BRAWL,Foe,Roll 2 Chance to Flinch the Foe. Roll 2 Chance Dice to Burn the foe. -1 Accuracy.,
203,Fire Lash,fire,PHYSICAL,3,STRENGTH,DEXTERITY,BRAWL,Foe,Reduce Foe's Defense.,
204,Fire Pledge,fire,SPECIAL,2,SPECIAL,DEXTERITY,CHANNEL,Battlefield,All flammable plants and objects in the battlefield are covered in flames. Roll 1 Dice of Fire Damage at the end of every Round against everyone on the field.,
205,Fire Punch,fire,PHYSICAL,3,STRENGTH,DEXTERITY,BRAWL,Foe,Fist Based. Roll 1 Chance Dice to apply Burn 2 to the foe.,
206,Fire Spin,fire,SPECIAL,2,SPECIAL,DEXTERITY,CHANNEL,Foe,Blocks. Roll 2 Dice of Damage against the foe at the end of each Round. Lasts 4 Rounds. -2 Accuracy.,
207,Flame Burst,fire,SPECIAL,3,SPECIAL,DEXTERITY,CHANNEL,Foe,After dealing damage. the user may roll 1 Dice of Damage against two othe Targets.,
208,Flame Charge,fire,PHYSICAL,2,STRENGTH,DEXTERITY,BRAWL,Foe,Increase the User's Dexterity.,
209,Flame Wheel,fire,PHYSICAL,2,STRENGTH,DEXTERITY,BRAWL,Foe,Roll 1 Chance Dice to Burn the foe.,
210,Flamethrower,fire,SPECIAL,3,SPECIAL,DEXTERITY,CHANNEL,Foe,Roll 1 Chance Dice to Apply Burn 2 to the foe.,
211,Flare Blitz,fire,PHYSICAL,5,STRENGTH,STRENGTH,BRAWL,Foe,Recoil. Roll 1 Chance Dice to Apply Burn 3 to the foe.,
212,Fusion Flare,fire,SPECIAL,4,SPECIAL,SPECIAL,CHANNEL,Foe,"Lethal. If the Move ‚ÄúFusion Bolt‚Äù has already been used by anyone this Round, add 4 Extra Dice to the Damage Pool of this Move",
213,Heat Crash,fire,PHYSICAL,2,STRENGTH,STRENGTH,BRAWL,Foe,Add 1 Extra Dice to the Damage Pool for every 50 kgs. of weight above the target's weight. up to +4 Extra Dice.,
214,Heat Wave,fire,SPECIAL,3,SPECIAL,DEXTERITY,CHANNEL,All Foes,Target all foes in Range. Roll 1 Chance Dice to Burn those affected. -1 Accuracy.,
215,Incinerate,fire,SPECIAL,2,SPECIAL,DEXTERITY,CHANNEL,All Foes,Destroy the held Berries of those affected.,
216,Inferno,fire,SPECIAL,4,SPECIAL,DEXTERITY,CHANNEL,Foe,Lethal. Apply Burn 3 to the Foe. -3 Accuracy.,
217,Lava Plume,fire,SPECIAL,3,SPECIAL,DEXTERITY,CHANNEL,Area,Roll 3 Chance Dice to Burn those affected.,
218,Magma Storm,fire,SPECIAL,4,SPECIAL,SPECIAL,CHANNEL,Foe,Blocks. Roll 3 Damage Dice at the end of each Round. Lasts 4 Rounds.,
219,Mind Blown,fire,SPECIAL,6,SPECIAL,INSIGHT,CHANNEL,Area,Area Attack. Recoil.,
220,Mystical Fire,fire,SPECIAL,2,SPECIAL,DEXTERITY,CHANNEL,Foe,Reduce Foe's Special.,
221,Overheat,fire,SPECIAL,6,SPECIAL,SPECIAL,CHANNEL,Foe,Lethal. Reduce User's Special by 2. -1 Accuracy.,
222,Pyro Ball,fire,PHYSICAL,5,STRENGTH,STRENGTH,CHANNEL,Foe,Roll 1 Chance Dice to Apply Burn 2 to the Foe. -1 Accuracy.,
223,Sacred Fire,fire,PHYSICAL,4,STRENGTH,DEXTERITY,CHANNEL,Foe,Lethal. Roll 5 Chance Dice to Apply Burn 3 to the Foe.,
224,Searing Shot,fire,SPECIAL,5,SPECIAL,SPECIAL,CHANNEL,All Foes,Lethal. All Foes in Range. Roll 3 Chance Dice to Apply Burn 2 those Affected.,
225,Shell Trap,fire,SPECIAL,6,SPECIAL,DEXTERITY,STEALTH,Foe,Low Priority 3. This Move strikes the next time the user is hit with a Non-Ranged Physical attack.,
226,Sizzly Slide,fire,PHYSICAL,3,STRENGTH,DEXTERITY,BRAWL,Foe,"If the user of this Move is at its Final Stage of Evolution, this move fails. Burn the Foe.",
227,Sunny Day,fire,SUPPORT,0,,SPECIAL,NATURE,Battlefield,Sunny Weather is activated for the next 4 Rounds.,
228,V-Create,fire,PHYSICAL,7,STRENGTH,STRENGTH,BRAWL,Foe,"Reduce the user's Dexterity, Defense and Sp. Defense.",
229,Will-O-Wisp,fire,SUPPORT,0,,DEXTERITY,CHANNEL,Foe,Burn the Foe. -2 Accuracy.,
230,Acrobatics,flying,PHYSICAL,4,STRENGTH,DEXTERITY,BRAWL,Foe,If the User has a Held Item. remove 2 Dice from the Damage Roll.,
231,Aerial Ace,flying,PHYSICAL,2,STRENGTH,DEXTERITY,BRAWL,Foe,Never Fail.,
232,Aeroblast,flying,SPECIAL,4,SPECIAL,SPECIAL,CHANNEL,Foe,Lethal. High Critical.,
233,Air Cutter,flying,SPECIAL,2,SPECIAL,DEXTERITY,CHANNEL,All Foes,Target all foes in Range. High Critical.,
234,Air Slash,flying,SPECIAL,3,SPECIAL,DEXTERITY,CHANNEL,Foe,Roll 3 Chance Dice to Flinch the foe.,
235,Beak Blast,flying,PHYSICAL,4,STRENGTH,DEXTERITY,BRAWL,Foe,Ranged. Charge Move. Low Priority 3. If the User is hit by a Non Ranged Physical Attack while this move is charging. Apply Burn 2 to the foe.,
236,Bounce,flying,PHYSICAL,3,STRENGTH,DEXTERITY,BRAWL,Foe,Charge Move. While charging this Move. the user will be out of range. Roll 3 Chance Dice to Paralyze the foe.,
237,Brave Bird,flying,PHYSICAL,5,STRENGTH,STRENGTH,BRAWL,Foe,Recoil.,
238,Chatter,flying,SPECIAL,2,SPECIAL,INSIGHT,PERFORM,Foe,Roll 3 Chance Dice to Confuse the foe. Sound based move.,
239,Defog,flying,SUPPORT,0,,INSIGHT,NATURE,Battlefield,Remove all Barriers (ie. Light Screen. Reflect) and any Entry Hazard and Evasion Modifier on the battlefield.,
240,Dragon Ascent,flying,PHYSICAL,5,STRENGTH,STRENGTH,BRAWL,Foe,Lethal. Reduce the user's Defense and Sp. Defense.,
241,Drill Peck,flying,PHYSICAL,3,STRENGTH,DEXTERITY,BRAWL,Foe,Lethal.,
242,Feather Dance,flying,SUPPORT,0,,BEAUTY,PERFORM,Foe,Reduce the foe's Strength by 2.,
243,Floaty Fall,flying,PHYSICAL,3,STRENGTH,DEXTERITY,BRAWL,Foe,"Roll 3 Chance Dice to Flinch the Foe. If the user of this Move is at its Final Stage of Evolution, this move fails.",
244,Fly,flying,PHYSICAL,3,STRENGTH,DEXTERITY,BRAWL,Foe,Charge Move. While charging this move. the User will be out of range. with the exception of the attacks Hurricane and Thunder.,
245,Gust,flying,SPECIAL,2,SPECIAL,DEXTERITY,CHANNEL,Foe,-,
246,Hurricane,flying,SPECIAL,5,SPECIAL,SPECIAL,CHANNEL,Foe,Lethal. Roll 3 Chance Dice to Confuse the Foe. If Rain Weather in effect ignore this moves reduced accuracy. -2 Accuracy.,
247,Mirror Move,flying,SUPPORT,0,,WILL,CHANNEL,Foe,Copies the last Damaging Move the foe has performed.,
248,Oblivion Wing,flying,SPECIAL,4,SPECIAL,SPECIAL,CHANNEL,Foe,Lethal. High Critical.,
249,Peck,flying,PHYSICAL,2,STRENGTH,DEXTERITY,BRAWL,Foe,-,
250,Pluck,flying,PHYSICAL,2,STRENGTH,DEXTERITY,BRAWL,Foe,Never Fail. If the Target is holding a Berry. the User eats it and gains its effects.,
251,Roost,flying,SUPPORT,0,,INSIGHT,NATURE,User,Basic Heal. Until the User's next action this PokÈmon will be vulnerable to Ground Type moves.,
252,Sky Attack,flying,PHYSICAL,6,STRENGTH,STRENGTH,BRAWL,Foe,Lethal. High Critical. Charge Move. Roll 3 Chance Dice to Flinch the foe. -1 Accuracy.,
253,Sky Drop,flying,PHYSICAL,2,STRENGTH,DEXTERITY,BRAWL,Foe,Charge Move. While charging this move the Target is flinched. Flying Type PokÈmon are immune to the Damage of this move. Lifting a target is restricted by the Strength of the User.,
254,Tailwind,flying,SUPPORT,0,,INSIGHT,NATURE,Battlefield,For the Next 4 Rounds. Increase the Dexterity of the User and All Allies in the field by 2.,
255,Wing Attack,flying,PHYSICAL,2,STRENGTH,DEXTERITY,BRAWL,Foe,-,
256,Astonish,ghost,PHYSICAL,1,STRENGTH,DEXTERITY,BRAWL,Foe,Roll 3 Chance Dice to Flinch the foe.,
257,Confuse Ray,ghost,SUPPORT,0,,INSIGHT,NATURE,Foe,Confuse the foe.,
258,Curse,ghost,SUPPORT,0,,WILL,CHANNEL,Foe,Roll half the user's HP as damage dice to itself. Ignoring Defenses. The target will remove 1 success from all their rolls until the Curse is lifted.,
259,Curse (Non-Ghost User),ghost,SUPPORT,0,,WILL,CHANNEL,User,Increase the User's Strength and Defend. Reduce the User's Dexterity. This effect is only for PokÈmon who are not Ghost-Type.,
260,Destiny Bond,ghost,SUPPORT,0,,WILL,CHANNEL,User,If the user faints this Round due to Combat damage. the PokÈmon that dealt the damage will faint at the same time.,
261,Grudge,ghost,SUPPORT,0,,WILL,CHANNEL,Foe,The User Faints. The foe gets its Will depleted and any effects gained from spending them. The Foe must roll Loyalty at the end of every Round to keep battling. Each Round 1 more success is required.,
262,Hex,ghost,SPECIAL,2,SPECIAL,DEXTERITY,CHANNEL,Foe,If the Target is affected by a Status Ailment add 2 Extra Dice to the Damage Pool.,
263,Lick,ghost,PHYSICAL,1,STRENGTH,DEXTERITY,BRAWL,Foe,Roll 3 Chance Dice to Paralyze the Foe.,
264,Moongeist Beam,ghost,SPECIAL,4,SPECIAL,SPECIAL,CHANNEL,Foe,"Lethal. If anything on the foe's side would prevent this move from dealing damage (PokÈmon Type, Abilities, Shield Moves, Weather or Barriers) ignore it. This Move cannot be Clashed.",
265,Night Shade,ghost,SPECIAL,0,,INSIGHT,CHANNEL,Foe,Roll Damage Dice according to the User's Rank. 1 Dice at Starter Rank. 2 Dice at Beginner Rank.  3 dice at Amateur Rank.  4 Dice at Ace Rank.  5 Dice at Professional Rank. Ignores Defense.,
266,Nightmare,ghost,SUPPORT,0,,WILL,CHANNEL,Foe,Will only work if the Target is asleep. Deal 1 Damage to the foe. Deal 1 Damage again at the beginning of each Round if the target is still asleep.,
267,Ominous Wind,ghost,SPECIAL,2,SPECIAL,DEXTERITY,CHANNEL,Foe,Roll 1 Chance Dice to Increase the User's Strength. Dexterity. Special. Defense. and Sp. Defense.,
268,Phantom Force,ghost,PHYSICAL,3,STRENGTH,STRENGTH,BRAWL,Foe,Charge Move. While charging this Move. other Moves will not affect the user. If the Target made a Shielding Action the shield is destroyed and won't have any effect.,
269,Shadow Ball,ghost,SPECIAL,3,SPECIAL,DEXTERITY,CHANNEL,Foe,Roll 1 Chance Dice to Reduce foe's Sp. Defense.,
270,Shadow Bone,ghost,PHYSICAL,3,STRENGTH,DEXTERITY,BRAWL,Foe,Roll 2 Chance Dice to Reduce the Foe's Defense.,
271,Shadow Claw,ghost,PHYSICAL,3,STRENGTH,DEXTERITY,BRAWL,Foe,High Critical.,
272,Shadow Force,ghost,PHYSICAL,5,STRENGTH,STRENGTH,BRAWL,Foe,"Lethal. Charge Move. While charging this Move, other Move will not affect the user. If the Target made a Shielding Action, the shield is destroyed and won't have any effect. Damage dealt by this Move cannot be healed for 24 hrs",
273,Shadow Punch,ghost,PHYSICAL,2,STRENGTH,DEXTERITY,BRAWL,Foe,Fist Based. Never Fail.,
274,Shadow Sneak,ghost,PHYSICAL,2,STRENGTH,DEXTERITY,BRAWL,Foe,Priority 1.,
275,Spectral Thief,ghost,PHYSICAL,3,STRENGTH,DEXTERITY,BRAWL,Foe,"If successful, BEFORE the user deals damage with this Move, steal all Attribute Increases the foe may have. Reduced Attributes on the foe remain.",
276,Spirit Shackle,ghost,PHYSICAL,3,STRENGTH,DEXTERITY,BRAWL,Foe,Blocks.,
277,Spite,ghost,SUPPORT,0,,WILL,INTIMIDATE,Foe,Reduce Target's Will to 1 point temporarily. Reset any effects it got from spending Will Points.,
278,Trick-Or-Treat,ghost,SUPPORT,0,,WILL,ALLURE,Foe,Add the Ghost type to Target's Type. (ie. Meowth will now by Normal/Ghost Charizard will now be Fire/Flying/Ghost) If the PokÈmon already has a third type attached. replace it.,
279,Absorb,grass,SPECIAL,1,SPECIAL,DEXTERITY,CHANNEL,Foe,The user restores HP equal to half the damage dealth rounded down.,
280,Apple Acid,grass,SPECIAL,3,SPECIAL,DEXTERITY,CHANNEL,Foe,Reduce the Foe's Sp. Defense.,
281,Aromatherapy,grass,SUPPORT,0,,INSIGHT,NATURE,User and Allies,Cure User and Allies from Burn. Freeze. Paralysis. Poison or Sleep.,
282,Branch Poke,grass,PHYSICAL,2,STRENGTH,DEXTERITY,BRAWL,Foe,-,
283,Bullet Seed,grass,PHYSICAL,1,STRENGTH,DEXTERITY,BRAWL,Foe,Ranged. Successive Actions.,
284,Cotton Guard,grass,SUPPORT,0,,INSIGHT,CHANNEL,Foe,Increase the User's Defense by 3.,
285,Cotton Spore,grass,SUPPORT,0,,INSIGHT,CHANNEL,Foe,Reduce foe's Dexterity by 2.,
286,Drum Beating,grass,PHYSICAL,3,STRENGTH,DEXTERITY,PERFORM,Foe,Reduce the Foe's Dexterity,
287,Energy Ball,grass,SPECIAL,3,SPECIAL,DEXTERITY,CHANNEL,Foe,Roll 1 Chance Dice to Reduce foe's Sp. Defense.,
288,Forest's Curse,grass,SUPPORT,0,,WILL,NATURE,Foe,Add the Grass Type to the Target's Type (ie. Nidoran will now be Poison/Grass Heracross will now be Bug/Fight/Grass). If the PokÈmon already has a third type attached. replace it.,
289,Frenzy Plant,grass,SPECIAL,6,SPECIAL,SPECIAL,CHANNEL,Foe,Must Recharge. -1 Accuracy.,
290,Giga Drain,grass,SPECIAL,3,SPECIAL,DEXTERITY,CHANNEL,Foe,Ther user restores HP equal to half the damage dealt. rounded down.,
291,Grass Knot,grass,SPECIAL,1,SPECIAL,DEXTERITY,CHANNEL,Foe,Add 1 Extra Dice to the Damage Pool for every 50 kgs. of weight on the foe. up to +4 Extra Dice.,
292,Grass Pledge,grass,SPECIAL,2,SPECIAL,DEXTERITY,CHANNEL,Battlefield,Reduce the Dexterity of those affected.,
293,Grass Whistle,grass,SUPPORT,0,,SPECIAL,PERFORM,Foe,Sound Based. Put the Target to Sleep. -3 Accuracy.,
294,Grassy Terrain,grass,SUPPORT,0,,SPECIAL,NATURE,Battlefield,For the next 4 Rounds. User and Allies on the ground Restore 1 HP at the end of each round. Add 1 Extra Dice to the Damage Rolls of Grass Type Moves.,
295,Grav Apple,grass,PHYSICAL,3,STRENGTH,DEXTERITY,CHANNEL,Foe,Ranged. Reduce the Foe's Defense.,
296,Horn Leech,grass,PHYSICAL,3,STRENGTH,DEXTERITY,BRAWL,Foe,The User restores HP equal to half the damage dealt. rounded down.,
297,Ingrain,grass,SUPPORT,0,,SPECIAL,NATURE,User,User Heals 1 HP at the end of every Round. While this move is active the User cannot flee or switch out from battle.,
298,Leaf Blade,grass,PHYSICAL,3,STRENGTH,DEXTERITY,BRAWL,Foe,Lethal. High Critical.,
299,Leaf Storm,grass,SPECIAL,6,SPECIAL,SPECIAL,CHANNEL,Foe,Reduce the User's Special by 2. -1 Accuracy.,
300,Leaf Tornado,grass,SPECIAL,2,SPECIAL,DEXTERITY,CHANNEL,Foe,Roll 5 Chance Dice to Reduce the Foe's Accuracy. -1 Accuracy.,
301,Leafage,grass,PHYSICAL,2,STRENGTH,DEXTERITY,BRAWL,Foe,Ranged.,
302,Leech Seed,grass,SUPPORT,0,,SPECIAL,NATURE,Foe,If successful spend 1 Will point to activate. At the end of each Round Roll 1 Dice of Damage to the foe. User heals for 1 HP for every damage dealt this way. Grass Type Pokemon are immune to this Move. -1 Accuracy.,
303,Magical Leaf,grass,SPECIAL,2,SPECIAL,DEXTERITY,CHANNEL,Foe,Never Fail.,
304,Mega Drain,grass,SPECIAL,2,SPECIAL,DEXTERITY,CHANNEL,Foe,The user restores HP equal to half the damage dealt. rounded down.,
305,Needle Arm,grass,PHYSICAL,2,STRENGTH,DEXTERITY,BRAWL,Foe,Roll 3 Chance Dice to Flinch the Foe.,
306,Petal Blizzard,grass,PHYSICAL,3,STRENGTH,DEXTERITY,BRAWL,Area,-,
307,Petal Dance,grass,SPECIAL,5,SPECIAL,SPECIAL,CHANNEL,Random Foe,Rampage.,
308,Power Whip,grass,PHYSICAL,5,STRENGTH,DEXTERITY,BRAWL,Foe, -2 Accuracy.,
309,Razor Leaf,grass,PHYSICAL,2,STRENGTH,DEXTERITY,BRAWL,All Foes,Ranged. High Critical.,
310,Sappy Seed,grass,PHYSICAL,3,STRENGTH,SPECIAL,BRAWL,Foe,"At the end of the Round, Roll 1 Die of Damage to the foe, Restore 1 HP to the user for every damage dealt this way. If the user of this Move is at its Final Stage of Evolution, this move fails. -1 Accuracy.",
311,Seed Bomb,grass,PHYSICAL,3,STRENGTH,DEXTERITY,BRAWL,Foe,Ranged.,
312,Seed Flare,grass,SPECIAL,5,SPECIAL,SPECIAL,CHANNEL,Foe,Lethal. Roll 4 Chance Dice to Reduce the foe's Sp. Defense by 2.,
313,Sleep Powder,grass,SUPPORT,0,,SPECIAL,NATURE,Foe,Put the Target to Sleep. -2 Accuracy.,
314,Snap Trap,grass,PHYSICAL,2,STRENGTH,DEXTERITY,STEALTH,Foe,Target is Blocked for the Next 4 Rounds.,
315,Solar Beam,grass,SPECIAL,5,SPECIAL,SPECIAL,CHANNEL,Foe,Charge Move. If there is a Sunny Weather. you skip this Move's Charge action. If performed under Rain. Sandstorm or Hail Weather. this Move takes two actions to Charge.,
316,Solar Blade,grass,PHYSICAL,5,STRENGTH,STRENGTH,BRAWL,Foe,Charge Move. If there is a Sunny Weather. you skip this Move's Charge action. If performed under Rain. Sandstorm or Hail Weather. this Move takes two actions to Charge.,
317,Spiky Shield,grass,SUPPORT,0,,DEXTERITY,BRAWL,User,Priority 3. Shield. Reduce 3 Damage Dice from the next attack and deal 2 Damage Dice to the attacker if it used a physical non-ranged Move.,
318,Spore,grass,SUPPORT,0,,SPECIAL,NATURE,Foe,Put the Target to Sleep.,
319,Strength Sap,grass,SUPPORT,0,,INSIGHT,NATURE,Foe,Reduce Foe's Strength. User Heals HP equal to the Foe's Current Strength Score. Healing in-battle limitations apply.,
320,Stun Spore,grass,SUPPORT,0,,SPECIAL,NATURE,Foe,Paralyze the Foe. -2 Accuracy.,
321,Synthesis,grass,SUPPORT,0,,SPECIAL,NATURE,User,Basic Heal. If Successful spend 1 Will point to activate. If performed under Sunny weather this Move is a Complete Heal. If Rain/Sandstorm Weather is in effect this move only heals 1 HP.,
322,Trop Kick,grass,PHYSICAL,3,STRENGTH,DEXTERITY,BRAWL,Foe,Reduce Foe's Strength.,
323,Vine Whip,grass,PHYSICAL,2,STRENGTH,DEXTERITY,BRAWL,Foe,-,
324,Wood Hammer,grass,PHYSICAL,5,STRENGTH,STRENGTH,BRAWL,Foe,Recoil.,
325,Worry Seed,grass,SUPPORT,0,,SPECIAL,NATURE,Foe,"Until the end of the Scene. Target's Ability is now ""Insomnia"".",
326,Bone Club,ground,PHYSICAL,2,STRENGTH,DEXTERITY,BRAWL,Foe,Roll 2 Chance Dice to Flinch the Foe. -2 Accuracy.,
327,Bone Rush,ground,PHYSICAL,1,STRENGTH,DEXTERITY,BRAWL,Foe,Successive Actions. -1 Accuracy.,
328,Bonemerang,ground,PHYSICAL,2,STRENGTH,DEXTERITY,BRAWL,Foe,Ranged. Double Action. -1 Accuracy.,
329,Bulldoze,ground,PHYSICAL,2,STRENGTH,DEXTERITY,BRAWL,Area,Reduce the Dexterity of those affected.,
330,Dig,ground,PHYSICAL,3,STRENGTH,DEXTERITY,BRAWL,Foe,Charge Move. While charging this move. the User will be out of range. Can be hit by Earthquake. Magnitude or a similar move.,
331,Drill Run,ground,PHYSICAL,3,STRENGTH,DEXTERITY,BRAWL,Foe,High Critical.,
332,Earth Power,ground,SPECIAL,3,SPECIAL,DEXTERITY,CHANNEL,Foe,Roll 1 Chance Dice to Reduce the foe's Sp. Defense.,
333,Earthquake,ground,PHYSICAL,4,STRENGTH,DEXTERITY,BRAWL,Area,Area Attack. Ranged.,
334,Fissure,ground,PHYSICAL,0,,STRENGTH,BRAWL,Foe,Ranged. Deal damage to the Target equal to their remaining HP. -5 Accuracy.,
335,High Horsepower,ground,PHYSICAL,3,STRENGTH,DEXTERITY,BRAWL,Foe,-,
336,Land's Wrath,ground,PHYSICAL,3,STRENGTH,STRENGTH,CHANNEL,All Foes,Lethal. Ranged. All Foes in Range.,
337,Magnitude,ground,PHYSICAL,0,STRENGTH,DEXTERITY,BRAWL,Area,Ranged. 1 Dice to determine this Move's Power,
338,Mud Bomb,ground,SPECIAL,2,SPECIAL,DEXTERITY,CHANNEL,Foe,Roll 3 Chance Dice to Reduce the Foe's Accuracy. -2 Accuracy.,
339,Mud Shot,ground,SPECIAL,2,SPECIAL,DEXTERITY,CHANNEL,Foe,Reduce the Foe's Dexterity.,
340,Mud Slap,ground,SPECIAL,1,SPECIAL,DEXTERITY,CHANNEL,Foe,Reduce the foe's Accuracy.,
341,Mud Sport,ground,SUPPORT,0,,SPECIAL,NATURE,Battlefield,For the next 4 Rounds Electric Type attacks won't add their Power to the Damage Pool.,
342,Precipice Blades,ground,PHYSICAL,5,STRENGTH,STRENGTH,CHANNEL,All Foes,Lethal. Ranged. -2 Accuracy.,
343,Rototiller,ground,SUPPORT,0,,SPECIAL,NATURE,Battlefield,Increase the Strength and Special of all Grass Type PokÈmon in the battlefield.,
344,Sand Attack,ground,SUPPORT,0,,DEXTERITY,CHANNEL,Foe,Reduce the foe's Accuracy.,
345,Sand Tomb,ground,PHYSICAL,2,STRENGTH,DEXTERITY,BRAWL,Foe,Ranged. Block. Roll 2 Dice of Damage against the foe at the end of every Round. Lasts 4 Rounds. - 2 Accuracy.,
346,Shore Up,ground,SUPPORT,0,,INSIGHT,NATURE,User,Basic Heal. If performed under Sandstorm weather. this move is a Complete Heal.,
347,Spikes,ground,SUPPORT,0,,SPECIAL,NATURE,Battlefield,Foe PokÈmon that enters the battlefield will lose 1 HP. this effect does not stack. PokÈmon with the Levitate ability and Flying Type PokÈmon are immune to this effect. Entry Hazard.,
348,Stomping Tantrum,ground,PHYSICAL,3,STRENGTH,DEXTERITY,BRAWL,Foe,Add 2 Extra Dice to the Damage Pool of this move is the User failed the Accuracy Roll of the last Move it performed.,
349,Thousand Arrows,ground,PHYSICAL,3,STRENGTH,STRENGTH,CHANNEL,All Foes,"Lethal. Ranged. All Foes in Range. If successful, Flying and Levitating PokÈmon can be hit by Ground-Type Moves for the rest of the scene.",
350,Thousand Waves,ground,PHYSICAL,3,STRENGTH,SPECIAL,BRAWL,All Foes,Blocks. Ranged. All Foes in Range.,
351,Aurora Beam,ice,SPECIAL,2,SPECIAL,DEXTERITY,CHANNEL,Foe,Roll 1 Chance Dice to Reduce foe's Strength.,
352,Aurora Veil,ice,SUPPORT,0,,SPECIAL,CHANNEL,User and Allies,User and Allies will receive 1 less Damage from both Physical and Special Attacks. This move will fail if not performed under Hail Weather. Lasts until Hail Weather is over.,
353,Avalanche,ice,PHYSICAL,2,STRENGTH,DEXTERITY,BRAWL,Foe,Low Priority 4. If the user received damage from the target this Round. Add 2 Extra Dice to the Damage Pool.,
354,Blizzard,ice,SPECIAL,5,SPECIAL,SPECIAL,CHANNEL,All Foes,Roll 1 Chance Dice to Freeze those affected. If performed under Hail Weather Ignore this moves Reduced Accuracy and the Move can't be evaded. If performed under Sunny Weather Accuracy becomes -3 instead. -2 Accuracy.,
355,Freeze Dry,ice,SPECIAL,3,SPECIAL,DEXTERITY,CHANNEL,Foe,Water type PokÈmon are dealt 2 Extra Damage.,
356,Freeze Shock,ice,PHYSICAL,6,STRENGTH,SPECIAL,CHANNEL,Foe,Lethal. Ranged. Charge Move. Roll 3 Chance Dice to Paralyze the Foe. -1 Accuracy.,
357,Freezy Frost,ice,SPECIAL,3,SPECIAL,SPECIAL,CHANNEL,Foe,"If successful, remove all Increased or Reduced Attributes and Traits the Foe may have. If the user of this Move is at its Final Stage of Evolution, this move fails. -1 Accuracy.",
358,Frost Breath,ice,SPECIAL,2,SPECIAL,DEXTERITY,CHANNEL,Foe,This Move is always a Critical Hit and it gets the proper bonus for it. -1 Accuracy.,
359,Glaciate,ice,SPECIAL,2,SPECIAL,DEXTERITY,CHANNEL,All Foes,Lethal. All Foes in Range. Reduce the Dexterity of those affected.,
360,Hail,ice,SUPPORT,0,,SPECIAL,NATURE,Battlefield,Hail Weather is activated for the next 4 Rounds.,
361,Haze,ice,SUPPORT,0,,SPECIAL,NATURE,Battlefield,Remove all Increased or Reduced Attributes and Traits on everyone on the Battlefield.,
362,Ice Ball,ice,PHYSICAL,1,STRENGTH,DEXTERITY,BRAWL,Foe,Successive Actions. Add 1 Extra Dice to the Damage Roll of the last Ice Ball hit the user performes. If the PokÈmon used Defense Curl this Round. add 1 Extra Dice to the Damage Roll of every hit. -1 Accuracy.,
363,Ice Beam,ice,SPECIAL,3,SPECIAL,DEXTERITY,CHANNEL,Foe,Roll 1 Chance Dice to Freeze the Foe.,
364,Ice Burn,ice,SPECIAL,6,SPECIAL,SPECIAL,CHANNEL,Foe,Lethal. Ranged. Charge Move. Roll 3 Chance Dice to Burn the Foe. -1 Accuracy.,
365,Ice Fang,ice,PHYSICAL,2,STRENGTH,DEXTERITY,BRAWL,Foe,Roll 2 Chance Dice to Flinch the foe. Roll 2 Chance Dice to Freeze the foe. -1 Accuracy.,
366,Ice Hammer,ice,PHYSICAL,4,STRENGTH,STRENGTH,BRAWL,Foe,Reduce User's Dexterity. -1 Accuracy.,
367,Ice Punch,ice,PHYSICAL,3,STRENGTH,DEXTERITY,BRAWL,Foe,Fist Based. Roll 1 Chance Dice to Freeze the foe.,
368,Ice Shard,ice,PHYSICAL,2,STRENGTH,DEXTERITY,BRAWL,Foe,Ranged. Priority 1.,
369,Icicle Crash,ice,PHYSICAL,3,STRENGTH,DEXTERITY,BRAWL,Foe,Roll 3 Chance Dice to Flinch the Foe. -1 Accuracy.,
370,Icicle Spear,ice,PHYSICAL,1,STRENGTH,DEXTERITY,BRAWL,Foe,Ranged. Successive Actions.,
371,Icy Wind,ice,SPECIAL,2,SPECIAL,DEXTERITY,CHANNEL,All Foes,Reduce Dexterity of those affected.,
372,Mist,ice,SUPPORT,0,,SPECIAL,NATURE,User and Allies,For the next 4 Rounds. the User and Allies cannot have their Attributes or Traits reduced.,
373,Powder Snow,ice,SPECIAL,2,SPECIAL,DEXTERITY,CHANNEL,All Foes,Roll 1 Chance Dice to Freeze those affected.,
374,Sheer Cold,ice,SPECIAL,0,,SPECIAL,CHANNEL,Foe,Deal damage to the Target equal to its remaining HP plus 1 Lethal Damage. -5  Accuracy.,
375,Acupressure,normal,SUPPORT,0,,DEXTERITY,NATURE,User,Increase a Random Attribute. If this Move is used again. the previous Attribute Modifier is removed.,
376,After You,normal,SUPPORT,0,,COOL,ETIQUETTE,One Ally,The Target will go first in the order of Initiative. Lasts for the rest of this Battle.,
377,Assist,normal,SUPPORT,0,,CLEVER,PERFORM,One Ally,Choose one Move known by a random member of your party. You performed that Move using the Accuracy roll from Assist.,
378,Attract,normal,SUPPORT,0,,BEAUTY,ALLURE,Foe,If Successful. Target is now In Love. This Move fails if target is from same gender as the User of genderless.,
379,Barrage,normal,PHYSICAL,1,STRENGTH,DEXTERITY,BRAWL,Foe,Ranged. Successive Actions. -1 Accuracy.,
380,Baton Pass,normal,SUPPORT,0,,SPECIAL,CHANNEL,User,The User returns to this PokÈball. Any Increased Trait on the User is passed on to the next PokÈmon. That PokÈmon is ready to fight on the next Round. The User can't Increase those Traits again for the rest of the scene. Switcher Move.,
381,Belly Drum,normal,SUPPORT,0,,TOUGH,PERFORM,User,User deals Damage to itself equal to Half of its total HP rounded down. Increase User's Strength by 3.,
382,Bestow,normal,SUPPORT,0,,COOL,ETIQUETTE,Foe,If target is not holding an Item. the User gives its own.,
383,Bide,normal,PHYSICAL,0,,DEXTERITY,BRAWL,Foe,The User will take the next 2 hits. After those two attacks. you may use this Move again to retaliate with Strength + Twice the Damage receive from those 2 hits.,
384,Bind,normal,PHYSICAL,1,STRENGTH,DEXTERITY,BRAWL,Foe,Block. Deal 2 dice of damage at the end of each Round. Lasts 4 Rounds. -2 Accuracy.,
385,Block,normal,SUPPORT,0,,DEXTERITY,BRAWL,Foe,Blocks.,
386,Body Slam,normal,PHYSICAL,3,STRENGTH,DEXTERITY,BRAWL,Foe,Roll 3 Chance Dice to Paralyze the foe.,
387,Boomburst,normal,SPECIAL,6,SPECIAL,DEXTERITY,CHANNEL,Area,Sound Based.,
388,Camouflage,normal,SUPPORT,0,,SPECIAL,NATURE,User,The user changes type to whatever terrain it's standing on (ie. User stands on rocks in a cave. becomes rock type). Lasts for the rest of the scene.,
389,Captivate,normal,SUPPORT,0,,BEAUTY,ALLURE,All Foes,If the target is from the opposite gender. Reduce its Special by 2.,
390,Chip Away,normal,PHYSICAL,3,STRENGTH,DEXTERITY,BRAWL,Foe,This attack ignores Defense and Evasion modifiers on the foe.,
391,Comet Punch,normal,PHYSICAL,1,STRENGTH,DEXTERITY,BRAWL,Foe,Successive Actions. Fist Based.,
392,Confide,normal,SUPPORT,0,,CUTE,ALLURE,Foe,Reduce the foes' Special.,
393,Constrict,normal,PHYSICAL,1,STRENGTH,DEXTERITY,BRAWL,Foe,Blocks. Roll 2 Dice of Damage against the foe at the end of each Round. Lasts 4 Rounds.,
394,Conversion,normal,SUPPORT,0,,WILL,CHANNEL,User,The user changes its type at random.,
395,Conversion 2,normal,SUPPORT,0,,WILL,CHANNEL,User,After being dealt damage. choose a Type resistant to the Type of that attack. That's the Type of the User until it uses this Move again.,
396,Copycat,normal,SUPPORT,0,,,,Foe,Copies the last move the foe has performed. Copy power and accuracy as well.,
397,Court Change,normal,SUPPORT,0,,CLEVER,ETIQUETTE,Battlefield,"Swap any Barriers (i.e.Light Screen, Reflect etc.), Entry Hazards (i.e. Toxic Spikes, Sticky Web etc.) and Effects on the foe's side of the field (i.e. Tailwind, Grassy Terrain etc.) for the one's on the User's side.",
398,Covet,normal,PHYSICAL,2,STRENGTH,CLEVER,STEALTH,Foe,If the user is not holding an item. Steal the target's Held Item.,
399,Crush Claw,normal,PHYSICAL,3,STRENGTH,DEXTERITY,BRAWL,Foe,Roll 5 Chance Dice to Reduce the target's Defense by 2. Lethal.,
400,Crush Grip,normal,PHYSICAL,1,STRENGTH,STRENGTH,BRAWL,Foe,"Lethal. If the foe has a Base HP higher than 3, add 1 Die to the Damage pool for every exceeding point. Up to 9 Dice may be added this way",
401,Cut,normal,PHYSICAL,2,STRENGTH,DEXTERITY,BRAWL,Foe,May be used to cut down trees and clear paths.,
402,Defense Curl,normal,SUPPORT,0,,VITALITY,BRAWL,User,Increase the User's Defense.,
403,Disable,normal,SUPPORT,0,,INSIGHT,CHANNEL,Foe,The Target cannot use the last move it performed. Lasts 4 Rounds.,
404,Dizzy Punch,normal,PHYSICAL,3,STRENGTH,DEXTERITY,BRAWL,Foe,Roll 2 Chance Dice to Confuse the foe. Fist Based.,
405,Double Hit,normal,PHYSICAL,2,STRENGTH,DEXTERITY,BRAWL,Foe,Double Action. -1 Accuracy.,
406,Double Slap,normal,PHYSICAL,1,STRENGTH,DEXTERITY,BRAWL,Foe,Successive Actions. -2 Accuracy.,
407,Double Team,normal,SUPPORT,0,,DEXTERITY,EVASION,User,The User can now make up to 5 Evasions per Round.,
408,Double-Edge,normal,PHYSICAL,5,STRENGTH,STRENGTH,BRAWL,Foe,Recoil.,
409,Echoed Voice,normal,SPECIAL,2,SPECIAL,DEXTERITY,CHANNEL,Foe,Sound Based. This move can be used many times in the same Round. Add 1 Extra Dice to the Damage Pool for every consecutive action the user performs. Up to 8 dice may be added this way. If the user performs another action the damage resets.,
410,Egg Bomb,normal,PHYSICAL,4,STRENGTH,DEXTERITY,BRAWL,Foe,Ranged. -2 Accuracy.,
411,Encore,normal,SUPPORT,0,,COOL,ALLURE,Foe,For the duration of this effect. the target will repeat the exact same action sequence it had this round. Target must have had an action sequence. Last 4 Rounds. Priority 3.,
412,Endeavor,normal,PHYSICAL,0,,WILL,CHANNEL,Foe,Roll Damage equal to the Difference between user's Full HP and its Current HP (up to 10). User cannot reduce the target's HP to lower than its own remaining HP. Ignore foe's Defenses.,
413,Endure,normal,SUPPORT,0,,WILL,CHANNEL,User,Priority 5. Shield. For the rest of the Round damaging moves can not reduce the user's HP to less then 1. Status Ailments. Weather Conditions. Recoil. Self inflicted damage can still deal damage.,
414,Entrainment,normal,SUPPORT,0,,COOL,PERFORM,Foe,The target's Ability is replaced by the User's own Ability. (ie. Luvdiscs's Swift Swim Ability will replace Geodude's Sturdy Ability).,
415,Explosion,normal,PHYSICAL,10,STRENGTH,STRENGTH,BRAWL,Area,After the damage is dealt. the User faints. Lethal.,
416,Extreme Speed,normal,PHYSICAL,3,STRENGTH,DEXTERITY,BRAWL,Foe,Priority 2. Triple the PokÈmon movement speed.,
417,Facade,normal,PHYSICAL,3,STRENGTH,DEXTERITY,BRAWL,Foe,If User's got a Status Ailment (Paralysis. Poison. Burn. etc.) Add 3 Dice to the Damage Roll of this move.,
418,Fake Out,normal,PHYSICAL,2,STRENGTH,DEXTERITY,BRAWL,Foe,Priority 1. Flinch the foe. This move will only work the First Round the PokÈmon is out in battle. From the second round on. it will fail automatically.,
419,False Swipe,normal,PHYSICAL,2,STRENGTH,DEXTERITY,BRAWL,Foe,The foe will always keep at least one HP when hit by this Move.,
420,Feint,normal,PHYSICAL,1,STRENGTH,DEXTERITY,BRAWL,Foe,Priority 2. This Move ignores any Shielding Move.,
421,Flail,normal,PHYSICAL,1,STRENGTH,DEXTERITY,BRAWL,Foe,Add 1 Dice to the Damage Roll for every missing HP the user has. up to +5.,
422,Flash,normal,SUPPORT,0,,SPECIAL,CHANNEL,Foe,Reduce 1 success from the foe's Accuracy rolls.,
423,Focus Energy,normal,SUPPORT,0,,INSIGHT,CHANNEL,User,All of the user's damage moves now have High Critical. This effect lasts until end of scene or the user is removed from battle.,
424,Follow Me,normal,SUPPORT,0,,COOL,PERFORM,User,Foes will target the user this turn. Priority 5.,
425,Foresight,normal,SUPPORT,0,,INSIGHT,ALERT,Foe,The Foe cannot evade moves performed by the user. User's Normal and Fighting Moves can affect Ghost Types and Ghost Moves can affect Normal Types.,
426,Frustration,normal,PHYSICAL,0,STRENGTH,DEXTERITY,BRAWL,Foe,Add +1 Dice to the Damage Roll for every missing point of Happiness on the User.,
427,Fury Attack,normal,PHYSICAL,1,STRENGTH,DEXTERITY,BRAWL,Foe,Successive Actions. -1 Accuracy.,
428,Fury Swipes,normal,PHYSICAL,1,STRENGTH,DEXTERITY,BRAWL,Foe,Successive Actions. -1 Accuracy.,
429,Giga Impact,normal,PHYSICAL,6,STRENGTH,STRENGTH,BRAWL,Foe,Must Recharge. Lethal. -1 Accuracy,
430,Glare,normal,SUPPORT,0,,TOUGH,INTIMIDATE,Foe,Paralyze the foe. -1 Accuracy.,
431,Growl,normal,SUPPORT,0,,,PERFORM,All Foes,"Reduce the foe's Strength. Sound Based. ""Growl (Cute/Tough)"", the user should use the one with highest stat (tough / cute)",
432,Growl (Cute),normal,SUPPORT,0,,CUTE,PERFORM,All Foes,"Reduce the foe's Strength. Sound Based. Same move as ""Growl (Tough)"", the user should use the one with highest stat (tough / cute)",
433,Growl (Tough),normal,SUPPORT,0,,TOUGH,PERFORM,All Foes,"Reduce the foe's Strength. Sound Based. Same move as ""Growl (Cute)"", the user should use the one with highest stat (tough / cute)",
434,Growth,normal,SUPPORT,0,,SPECIAL,NATURE,User,Increase the User's Strength and Special.,
435,Guillotine,normal,PHYSICAL,0,,DEXTERITY,BRAWL,Foe,The target is dealt damage equal to its remaining HP plus 1 Lethal. -5 Accuracy.,
436,Harden,normal,SUPPORT,0,,VITALITY,NATURE,User,Increase the User's Defense.,
437,Head Charge,normal,PHYSICAL,5,STRENGTH,STRENGTH,BRAWL,Foe,Recoil.,
438,Headbutt,normal,PHYSICAL,3,STRENGTH,DEXTERITY,BRAWL,Foe,Roll 3 Chance Dice to Flinch. May call Random Encounters when hitting trees.,
439,Heal Bell,normal,SUPPORT,0,,SPECIAL,PERFORM,User and Allies,Cure the User and allies suffering from Status Conditions. they don't need to be on the battlefield to get this effect. Sound Based.,
440,Helping Hand,normal,SUPPORT,0,,DEXTERITY,PERFORM,One Ally,Target PokÈmon gets 2 Extra Dice on its next Skill. Accuracy and Damage Rolls. Priority 5.,
441,Hidden Power,normal,SPECIAL,0,,,,Foe,Storyteller decides power and type,
442,Horn Attack,normal,PHYSICAL,2,STRENGTH,DEXTERITY,BRAWL,Foe,-,
443,Horn Drill,normal,PHYSICAL,0,,DEXTERITY,BRAWL,Foe,The target is dealt damage equal to its remaining HP plus 1 Lethal. -5 Accuracy.,
444,Howl,normal,SUPPORT,0,,COOL,INTIMIDATE,User,Increase the User's Strength.,
445,Hyper Beam,normal,SPECIAL,6,SPECIAL,SPECIAL,CHANNEL,Foe,Must Recharge. Lethal. -1 Accuracy.,
446,Hyper Fang,normal,PHYSICAL,3,STRENGTH,DEXTERITY,BRAWL,Foe,Roll 1 Chance Dice to Flinch.,
447,Hyper Voice,normal,SPECIAL,3,SPECIAL,DEXTERITY,CHANNEL,All Foes,Sound Based.,
448,Judgement,normal,SPECIAL,0,SPECIAL,INSIGHT,INTIMIDATE,Foe,"Ignore Defenses. This Move is considered to be any Type the user wants. If something would prevent this Move from dealing Damage, ignore it. This Move can't be Clashed. This Move's Power and extra Added Effects are decided by the Storyteller.",
449,Laser Focus,normal,SUPPORT,0,,INSIGHT,ALERT,User,The next time the user lands a hit. it will be treated as if it were a Critical Hit.,
450,Last Resort,normal,PHYSICAL,6,STRENGTH,DEXTERITY,BRAWL,Foe,It can be used only after the PokÈmon has performed all its known moves at least once during the battle.,
451,Leer,normal,SUPPORT,0,,TOUGH,INTIMIDATE,All Foes,Reduce the Defense of those affected.,
452,Lock-On,normal,SUPPORT,0,,INSIGHT,ALERT,User,The next attack the user performs has 2 automatic unremovable successes on its Accuracy Roll.,
453,Lovely Kiss,normal,SUPPORT,0,,MISSING BEAUTY,ALLURE,Foe,Put the Target to Sleep.,
454,Lucky Chant,normal,SUPPORT,0,,SPECIAL,PERFORM,User and Allies,User and Allies in range can re-roll one un-successful die from all their rolls until the end of the scene. If an opponent would land a Critical Hit it doesn't. Outside of battle good things happen at the story tellers discretion.,
455,Me First,normal,SUPPORT,0,,DEXTERITY,BRAWL,Foe,Priority 1. The User copies and uses the Move the target was intending to use. It must be a damaging Move.,
456,Mean Look,normal,SUPPORT,0,,TOUGH,INTIMIDATE,Foe,Blocks.,
457,Mega Kick,normal,PHYSICAL,5,STRENGTH,DEXTERITY,BRAWL,Foe, -2 Accuracy.,
458,Mega Punch,normal,PHYSICAL,3,STRENGTH,DEXTERITY,BRAWL,Foe, -1 Accuracy.,
459,Metronome,normal,SPECIAL,0,SPECIAL,DEXTERITY,PERFORM,Foe,Roll a dice to determine this move's power. The appearance and Type of this move are decided by the Storyteller.,
460,Milk Drink,normal,SUPPORT,0,,VITALITY,NATURE,User,"Basic Heal. If successful, spend 1 Will point to activate.",
461,Mimic,normal,SUPPORT,0,,CLEVER,PERFORM,Foe,Copies the last move the target used until the end of the scene. That move replaces Mimic.,
462,Mind Reader,normal,SUPPORT,0,,INSIGHT,CHANNEL,Foe,This PokÈmon gets 2 automatic successes on the next Accuracy Roll or Evasion Roll against the target.,
463,Minimize,normal,SUPPORT,0,,SPECIAL,CHANNEL,User,The User can now make up to 5 Evasions per Round.,
464,Morning Sun,normal,SUPPORT,0,,VITALITY,NATURE,User,Basic Heal. If successful spend 1 Will point to activate. Complete Heal during Sunny Weather. If Rain/Sandstorm Weather is in effect or it's night or you are indoors/underground this move only heals 1 HP.,
465,Multi-Attack,normal,PHYSICAL,3,STRENGTH,DEXTERITY,BRAWL,Foe,This Move's type will always match the User's first Type.,
466,Natural Gift,normal,PHYSICAL,3,STRENGTH,DEXTERITY,CHANNEL,Foe,User loses its held berry. Ranged. See Natural Gift on p.432 for more info.,
467,Nature Power,normal,SPECIAL,3,SPECIAL,SPECIAL,NATURE,Foe,The type of this move is determined by the environment. See Nature Power p.432 for more info.,
468,Noble Roar,normal,SUPPORT,0,,TOUGH,INTIMIDATE,Foe,Reduce the foe's Strength and Special.,
469,Odor Sleuth,normal,SUPPORT,0,,INSIGHT,ALERT,Foe,The Foe can not Evade moves performed by the User. User's Normal and Fighting Moves can affect Ghost Types and Ghost Moves can affect Normal Types. Add all successful dice to any Rolls to track the target.,
470,Pain Split,normal,SUPPORT,0,,WILL,CHANNEL,Foe,The user gives its Pain Penalizations to the foe. User ignores Pain Penalization effects on itself. For cannot ignore them with Will but it can still ignore its own Pain Penalizations. HP on both remains the same.,
471,Pay Day,normal,PHYSICAL,2,STRENGTH,DEXTERITY,BRAWL,Foe,Ranged. At the end of the battle give Money to the Trainer Equal to its Rank: Starter/Beginner - $20.00 Amateur - $50.00 Ace - $75.00 Pro - $100.00,
472,Perish Song,normal,SUPPORT,0,,BEAUTY,PERFORM,Area,After three rounds. if any PokÈmon who heard the song is not removed from battle. it will receive its remaining HP as damage. Sound Based.,
473,Play Nice,normal,SUPPORT,0,,CUTE,ALLURE,Foe,Reduce the foe's Strength.,
474,Pound,normal,PHYSICAL,2,STRENGTH,DEXTERITY,BRAWL,Foe,-,
475,Present,normal,PHYSICAL,0,,CUTE,ALLURE,Foe,Roll dice with a 50-50 chance of dealing 2 set damage to the target or recovering 2 HP to the target. -1 Accuracy.,
476,Protect,normal,SUPPORT,0,,WILL,CHANNEL,User,Priority 5. Shield. Reduce 3 Damage this pokemon would receive from a damaging move. Negate effects of Support Moves that target the user. Reduce to zero the set damage from a move the user would take.,
477,Psych Up,normal,SUPPORT,0,,INSIGHT,CHANNEL,Foe,Copy the Target's Attribute and Trait Modifiers and keep them until the end of the scene.,
478,Quick Attack,normal,PHYSICAL,2,STRENGTH,DEXTERITY,BRAWL,Foe,Priority 1. Double the PokÈmon's movement speed.,
479,Rage,normal,PHYSICAL,1,STRENGTH,DEXTERITY,BRAWL,Foe,If the PokÈmon receives damage after using this move. Increase the User's Strength. This effect can stack up to 3 times.,
480,Rapid Spin,normal,PHYSICAL,2,STRENGTH,DEXTERITY,BRAWL,Foe,"Remove Entry Hazards (Spikes, Stealth Rock, etc.) and Leech Seed from the user's side of the field. Increase user's Dexterity.",
481,Razor Wind,normal,SPECIAL,3,SPECIAL,DEXTERITY,CHANNEL,All Foes,High Critical. Charge.,
482,Recover,normal,SUPPORT,0,,SPECIAL,NATURE,User,Basic Heal. If successful spend 1 Will point to activate. May cure Lethal Damage.,
483,Recycle,normal,SUPPORT,0,,VITALITY,NATURE,User,The PokÈmon reuses an Item that has already been spent. (Berries etc.) An Item may not be recycled more than 5 times.,
484,Reflect Type,normal,SUPPORT,0,,SPECIAL,CHANNEL,User,The PokÈmon is now the same type of one of its foes. Lasts for a Scene or until this move is used again.,
485,Refresh,normal,SUPPORT,0,,WILL,CHANNEL,User,The User cure itself from Poison. Burn or Paralysis.,
486,Relic Song,normal,SPECIAL,2,SPECIAL,SPECIAL,PERFORM,All Foes,"Sound Based. Roll 1 Die to put the foe to Sleep. If successful, the User may choose to change its form afterwards.",
487,Retaliate,normal,PHYSICAL,3,STRENGTH,DEXTERITY,BRAWL,Foe,If an ally fainted during this or the last Round. add 3 Dice to the Damage Roll of this Move. This effect can only be used once per Ally.,
488,Return,normal,PHYSICAL,0,STRENGTH,DEXTERITY,BRAWL,Foe,Add 1 Dice to the Damage Roll for every point of Happiness on the User.,
489,Revelation Dance,normal,SPECIAL,3,SPECIAL,DEXTERITY,PERFORM,Foe,This Move's type will always match the User's first Type.,
490,Roar,normal,SUPPORT,0,,TOUGH,INTIMIDATE,Foe,Low Priority 6. In the wild the battle ends. in an official fight. the PokÈmon switches out if its the last or only PokÈmon the move fails. Switcher Move.,
491,Rock Climb,normal,PHYSICAL,3,STRENGTH,DEXTERITY,BRAWL,Foe,Roll 2 Chance Dice to Confuse the foe. Outside of battle it may be used to climb with ease. -2 Accuracy.,
492,Round,normal,SPECIAL,2,SPECIAL,SPECIAL,PERFORM,Foe,If the User and an Ally are able to use Round. both may choose to do it at the same time. Both PokÈmon add 3 Dice to the Damage Roll.,
493,Safeguard,normal,SUPPORT,0,,SPECIAL,CHANNEL,User and Allies,For the next 4 Rounds. the User and its Allies are immune to Status Ailments (Burn. Poison. Sleep. Confuse. Freeze. Paralysis). Lasts 4 Rounds. Prior Status ailments remain.,
494,Scary Face,normal,SUPPORT,0,,TOUGH,INTIMIDATE,Foe,Reduce the foe's Dexterity by 2.,
495,Scratch,normal,PHYSICAL,2,STRENGTH,DEXTERITY,BRAWL,Foe,-,
496,Screech,normal,SUPPORT,0,,TOUGH,PERFORM,Foe,Reduce the foe's Defense by 2. Sound Based.,
497,Secret Power,normal,PHYSICAL,3,STRENGTH,DEXTERITY,BRAWL,Foe,Inflicts abnormal effects. See Secret Power p.432 for more info.,
498,Self Destruct,normal,PHYSICAL,8,STRENGTH,STRENGTH,BRAWL,Area,After performing the move. the user receives damage equal to its remaining HP.,
499,Sharpen,normal,SUPPORT,0,,DEXTERITY,ATHLETIC,User,Increase the User's Strength.,
500,Shell Smash,normal,SUPPORT,0,,STRENGTH,BRAWL,User,"Increase the User's Strength, Special, Dexterity by 2. Reduce the User's Defense and Special Defense by 2.",
501,Simple Beam,normal,SUPPORT,0,,INSIGHT,EMPATHY,Foe,"Target PokÈmon ability is now ""Simple"".",
502,Sing,normal,SUPPORT,0,,CUTE,PERFORM,Foe,Inflict Sleep on the target. Sound Based. -3 Accuracy.,
503,Sketch,normal,SUPPORT,0,,DEXTERITY,PERFORM,Foe,"Permanently copies a move the target used. Once Copied ""Sketch"" disappears.",
504,Skull Bash,normal,PHYSICAL,5,STRENGTH,STRENGTH,BRAWL,Foe,Increase the User's Defense. Charge.,
505,Slack Off,normal,SUPPORT,0,,VITALITY,NATURE,User,"Basic Heal. If successful, spend 1 Will point to activate.",
506,Slam,normal,PHYSICAL,3,STRENGTH,DEXTERITY,BRAWL,Foe, -2 Accuracy.,
507,Slash,normal,PHYSICAL,3,STRENGTH,DEXTERITY,BRAWL,Foe,High Critical. Lethal.,
508,Sleep Talk,normal,SUPPORT,0,,,,Random Foe,While this PokÈmon is asleep. it may use one of its Moves at Random.,
509,Smelling Salts,normal,PHYSICAL,3,STRENGTH,DEXTERITY,BRAWL,Foe,If the Target is Paralyzed. add 2 Dice to the Damage Roll cure target's Paralysis afterwards.,
510,Smokescreen,normal,SUPPORT,0,,SPECIAL,CHANNEL,Foe,Reduce the foe's Accuracy.,
511,Snore,normal,SPECIAL,2,SPECIAL,SPECIAL,PERFORM,Foe,This move can only be used if the user asleep. Roll 3 Chance Dice to Flinch the foe. Sound Based Move.,
512,Soft Boiled,normal,SUPPORT,0,,INSIGHT,NATURE,User,Basic Heal. If successful spend 1 Will point to activate. ,
513,Sonic Boom,normal,SPECIAL,0,,DEXTERITY,CHANNEL,Foe,This moves always inflicts 1 damage.,
514,Spike Cannon,normal,PHYSICAL,1,STRENGTH,DEXTERITY,BRAWL,Foe,Ranged. Successive Actions.,
515,Spit Up,normal,SPECIAL,4,SPECIAL,DEXTERITY,CHANNEL,Foe,"Must have used the move ""Stockpile"" prior to this move. otherwise it will fail. Lose all Stockpile modifiers.",
516,Splash,normal,SUPPORT,0,,DEXTERITY,BRAWL,User,-,
517,Spotlight,normal,SUPPORT,0,,COOL,PERFORM,One Ally,Priority 3. Foes will target One Ally this turn.,
518,Stockpile,normal,SUPPORT,0,,INSIGHT,NATURE,User,Increase the User's Defense and Sp. Defense.,
519,Stomp,normal,PHYSICAL,2,STRENGTH,DEXTERITY,BRAWL,Foe,Roll 3 Chance Dice to Flinch the foe.,
520,Strength,normal,PHYSICAL,3,STRENGTH,STRENGTH,BRAWL,Foe,Outside of battle. using this move allows the PokÈmon to lift double the normal weight it should be able to.,
521,Stuff Cheeks,normal,SUPPORT,0,,CLEVER,NATURE,User,"User eats its held Berry and gains its effects, afterwards, Increase user's Defense by 2.",
522,Substitute,normal,SUPPORT,0,,DEXTERITY,STEALTH,User,Deal 2 Damage to the user and put a decoy with 2 HP with the same Defenses as the user. If the decoy's HP is depleted. it disappears and the user comes back into the fight. Decoy can only be affected by damaging moves.,
523,Super Fang,normal,PHYSICAL,0,,DEXTERITY,BRAWL,Foe,Damage Roll is Half of the Foe's remaining HP (up to 10) rounded down. If the remaining HP of the foe is 1. this move fails. Ignore the foe's Defenses. -1 Accuracy.,
524,Supersonic,normal,SUPPORT,0,,TOUGH,CHANNEL,Foe,Confuse the foe. -3 Accuracy.,
525,Swagger,normal,SUPPORT,0,,TOUGH,INTIMIDATE,Foe,Increase the foe's Strength by 2. Inflicts Confusion.,
526,Swallow,normal,SUPPORT,0,,VITALITY,NATURE,User,"Must have used the move ""Stockpile"" prior to this Move. otherwise it will fail. If successful spend 1 Will point to activate. User restores 2 Health points. Loses the effects of stockpile. The PokÈmon must rest an hour before using Swallow again.",
527,Sweet Scent,normal,SUPPORT,0,,SPECIAL,NATURE,All Foes,Those effected cannot evade moves performed by the user. Attracts wild PokÈmon.,
528,Swift,normal,SPECIAL,2,SPECIAL,DEXTERITY,CHANNEL,All Foes,Never Fail.,
529,Swords Dance,normal,SUPPORT,0,,DEXTERITY,PERFORM,User,Increase the User's Strength by 2.,
530,Tackle,normal,PHYSICAL,2,STRENGTH,DEXTERITY,BRAWL,Foe,-,
531,Tail Slap,normal,PHYSICAL,1,STRENGTH,DEXTERITY,BRAWL,User,Successive Actions. -1 Accuracy.,
532,Tail Whip,normal,SUPPORT,0,,CUTE,PERFORM,All Foes,Reduce the foe's Defense.,
533,Take Down,normal,PHYSICAL,3,STRENGTH,DEXTERITY,BRAWL,Foe,Recoil. -2 Accuracy.,
534,Tearful Look,normal,SUPPORT,0,,CUTE,ALLURE,Foe,Reduce Foe's Strength and Special.,
535,Teatime,normal,SUPPORT,0,,INSIGHT,ETIQUETTE,Area,Those affected eat their held berries without gaining their effects. Outside of battle will difuse violent intentions for a few minutes,
536,Techno Blast,normal,SPECIAL,5,SPECIAL,DEXTERITY,CHANNEL,Foe,"Lethal. If Genesect is performing this Move, this Move's type may change to: Fire, Ice, Water, or Electric depending on the Driver it has as Held Item.",
537,Teeter Dance,normal,SUPPORT,0,,DEXTERITY,PERFORM,Area,Inflicts Confusion.,
538,Thrash,normal,PHYSICAL,5,STRENGTH,STRENGTH,BRAWL,Random Foe,Rampage.,
539,Tickle,normal,SUPPORT,0,,DEXTERITY,BRAWL,Foe,Reduce the foe's Strength and Defense.,
540,Transform,normal,SUPPORT,0,,WILL,CHANNEL,User,The user transforms into a copy of the its target with same Ability Attributes. Trait Modifiers and Moves. Being inside a PokÈball breaks the Transformation.,
541,Tri Attack,normal,SPECIAL,3,SPECIAL,DEXTERITY,CHANNEL,Foe,Roll 2 Chance Dice to Paralyze the foe. Roll 2 Chance Dice to Burn the foe. Roll 2 Chance Dice to Freeze the Foe.,
542,Trump Card,normal,SPECIAL,2,SPECIAL,WILL,CHANNEL,Foe,If User's Will is half spent add 1 Dice to the Damage Roll. if the User's Will is depleted add +8 to the Damage Pool.,
543,Uproar,normal,SPECIAL,3,SPECIAL,DEXTERITY,CHANNEL,Random Foe,For the rest of the Round. no PokÈmon can fall asleep. if a PokÈmon was asleep it wakes up. Sound Based Move.,
544,Veevee Volley,normal,PHYSICAL,0,STRENGTH,DEXTERITY,BRAWL,Foe,"Add 1 Die to the Damage Roll for every point of Happiness on the User. If the user of this Move is at its Final Stage of Evolution, this move fails.",
545,Vice Grip,normal,PHYSICAL,2,STRENGTH,DEXTERITY,BRAWL,Foe,-,
546,Weather Ball,normal,SPECIAL,2,SPECIAL,DEXTERITY,NATURE,Foe,If the battlefield is under a Weather. add +2 to the Damage Roll and change the Type of the Move accordingly: Sun-Fire. Rain-Water. Hail-Ice. Sandstorm-Rock. Wind-Flying.,
547,Whirlwind,normal,SUPPORT,0,,DEXTERITY,NATURE,Foe,Low Priority 6. In the wild the battle ends. In an official fight. the PokÈmon switches out. if it's the last or only PokÈmon the move fails. Switcher Move.,
548,Wish,normal,SUPPORT,0,,WILL,CHANNEL,User,Basic Heal. If successful spend 1 Will point to activate. The move has its effect at the beginning of the next round.,
549,Work Up,normal,SUPPORT,0,,STRENGTH,ATHLETIC,User,Increase the User's Strength and Special.,
550,Wrap,normal,PHYSICAL,1,STRENGTH,DEXTERITY,BRAWL,Foe,Blocks. Roll 2 Dice of Damage against the foe at the end of each Round. Lasts 4 Rounds. -1 Accuracy.,
551,Wring Out,normal,PHYSICAL,5,STRENGTH,STRENGTH,BRAWL,Foe,Remove 1 Duce from the Damage Roll for every missing HP of the Target. Up to 4 dice may be removed this way.,
552,Yawn,normal,SUPPORT,0,,SPECIAL,CHANNEL,Foe,If the target is not removed from battle by the start of its next Round. it will asleep.,
553,Acid,poison,SPECIAL,2,SPECIAL,DEXTERITY,CHANNEL,All Foes,Roll 1 Chance Dice to Reduce Sp. Defense of those affected.,
554,Acid Armor,poison,SUPPORT,0,,SPECIAL,NATURE,User,Increase the User's Defense by 2.,
555,Acid Spray,poison,SPECIAL,2,SPECIAL,DEXTERITY,CHANNEL,Foe,Reduce the foe's Special by 2.,
556,Baneful Bunker,poison,SUPPORT,0,,VITALITY,NATURE,User,Priority 4. Shield. If the foe attacked using a Physical Move. it is now Poisoned. Reduce 3 Dice from the Foe's Damage Pool.,
557,Belch,poison,SPECIAL,5,SPECIAL,SPECIAL,CHANNEL,Foe,The user must eat something before using this Move. -1 Accuracy.,
558,Clear Smog,poison,SPECIAL,2,SPECIAL,DEXTERITY,CHANNEL,Foe,Never Fail. Reset all Increased or Reduced Attributes and Traits of the foe.,
559,Coil,poison,SUPPORT,0,,TOUGH,INTIMIDATE,User,Increase the User's Strength. Defense. and Accuracy.,
560,Cross Poison,poison,PHYSICAL,3,STRENGTH,DEXTERITY,BRAWL,Foe,High Critical. Roll 1 Chance Dice to Poison the foe.,
561,Gastro Acid,poison,SUPPORT,0,,SPECIAL,CHANNEL,Foe,Until the end of the Scene. eliminate any effect the foe's Ability would do.,
562,Gunk Shot,poison,PHYSICAL,5,STRENGTH,STRENGTH,BRAWL,Foe,Ranged. Roll 3 Chance Dice to Poison the Foe. -2 Accuracy.,
563,Poison Fang,poison,PHYSICAL,2,STRENGTH,DEXTERITY,BRAWL,Foe,Roll 5 Chance Dice to Badly Poison the Foe.,
564,Poison Gas,poison,SUPPORT,0,,SPECIAL,CHANNEL,All Foes,Poison those affected. -1 Accuracy.,
565,Poison Jab,poison,PHYSICAL,3,STRENGTH,DEXTERITY,BRAWL,Foe,Roll 3 Chance Dice to Poison the Foe.,
566,Poison Powder,poison,SUPPORT,0,,SPECIAL,CHANNEL,Foe,Poison the Foe. -2 Accuracy.,
567,Poison Sting,poison,PHYSICAL,1,STRENGTH,DEXTERITY,CHANNEL,Foe,Ranged. Roll 3 Chance Dice to Poison the Target.,
568,Poison Tail,poison,PHYSICAL,2,STRENGTH,DEXTERITY,BRAWL,Foe,High Critical. Roll 1 Chance Dice to Poison the Foe.,
569,Purify,poison,SUPPORT,0,,SPECIAL,NATURE,Foe,Heal a Target's Status Ailment. the user may heal 1 HP.,
570,Sludge,poison,SPECIAL,2,SPECIAL,DEXTERITY,CHANNEL,Foe,Roll 3 Chance Dice to Poison the Foe.,
571,Sludge Bomb,poison,SPECIAL,3,SPECIAL,DEXTERITY,CHANNEL,Foe,Roll 3 Chance Dice to Poison the Foe.,
572,Sludge Wave,poison,SPECIAL,3,SPECIAL,DEXTERITY,CHANNEL,Area,Roll 1 Chance Dice to Poison those affected.,
573,Smog,poison,SPECIAL,1,SPECIAL,DEXTERITY,CHANNEL,Foe,Roll 4 Chance Dice Poison the Foe. -2 Accuracy.,
574,Toxic,poison,SUPPORT,0,,SPECIAL,CHANNEL,Foe,Badly Poison the Foe. -1 Accuracy.,
575,Toxic Spikes,poison,SUPPORT,0,,DEXTERITY,STEALTH,Battlefield,Foe PokÈmon that enter the battlefield become Poisoned. Roll 1 Chance Dice for the Poison to become Badly Poisoned instead. Entry Hazard.,
576,Toxic Thread,poison,SUPPORT,0,,DEXTERITY,CHANNEL,Foe,Reduce Foe's Dexterity. Poison the Foe.,
577,Venom Drench,poison,SUPPORT,0,,SPECIAL,CHANNEL,All Foes,If an affected foe is poisoned or becomes poisoned in the same Round you used this Move. Reduce its Strength. Special and Dexterity.,
578,Venoshock,poison,SPECIAL,2,SPECIAL,DEXTERITY,CHANNEL,Foe,If the Foe is already poisoned. add 2 Extra Dice to the Damage Pool.,
579,Agility,psychic,SUPPORT,0,,DEXTERITY,ATHLETIC,User,Increase the User's Dexterity by 2.,
580,Ally Switch,psychic,SUPPORT,0,,SPECIAL,CHANNEL,One Ally,User switches back. Choose another PokÈmon to take its place. It will be ready to fight on the next Round. Switcher Move.,
581,Amnesia,psychic,SUPPORT,0,,INSIGHT,ALERT,User,Increase the User's Sp. Defense by 2.,
582,Barrier,psychic,SUPPORT,0,,SPECIAL,CHANNEL,Foe,Increase the User's Defense by 2.,
583,Calm Mind,psychic,SUPPORT,0,,INSIGHT,CHANNEL,User,Increase the User's Special and Sp. Defense.,
584,Confusion,psychic,SPECIAL,2,SPECIAL,DEXTERITY,CHANNEL,Foe,Roll 1 Chance Dice to Confuse the foe.,
585,Cosmic Power,psychic,SUPPORT,0,,SPECIAL,CHANNEL,User,Increase the User's Defense and Sp. Defense.,
586,Dream Eater,psychic,SPECIAL,4,SPECIAL,SPECIAL,CHANNEL,Foe,The user restores HP equal to half the damage dealt. rounded down. The target must be asleep. this move will fail otherwise.,
587,Extrasensory,psychic,SPECIAL,3,SPECIAL,DEXTERITY,CHANNEL,Foe,Roll 1 Chance Dice to Flinch the foe.,
588,Future Sight,psychic,SPECIAL,5,SPECIAL,INSIGHT,CHANNEL,Foe,Strikes at the end of the next Round. It bypasses any Shield Move and cover. If the target retires or switches out from battle. the damage will be dealt to the next opponent or to one of its allies.,
589,Glitzy Glow,psychic,SPECIAL,3,SPECIAL,SPECIAL,CHANNEL,Foe,"If successful, for the next 4 Rounds the User and Allies will receive 1 less damage from Special Attacks. This effect does not stack. If the user of this Move is at its Final Stage of Evolution, this move fails.",
590,Gravity,psychic,SUPPORT,0,,SPECIAL,CHANNEL,Battlefield,Flying and Levitating PokÈmon can be hit by Ground Type Moves. Lasts 4 Rounds.,
591,Guard Split,psychic,SUPPORT,0,,SPECIAL,CHANNEL,Foe,Average your Defense and Sp. Defense with your target.,
592,Guard Swap,psychic,SUPPORT,0,,SPECIAL,CHANNEL,Foe,Switch your Defense and Sp. Defense with your foe.,
593,Heal Block,psychic,SUPPORT,0,,SPECIAL,CHANNEL,Area,No one can regain any lost HP. Lasts 4 Rounds.,
594,Heal Pulse,psychic,SUPPORT,0,,WILL,CHANNEL,One Ally,Basic Heal. If successful spend 1 Will to activate.,
595,Healing Wish,psychic,SUPPORT,0,,WILL,CHANNEL,One Ally,The User faints. One Ally is completely healed from all damage and status ailments.,
596,Heart Stamp,psychic,PHYSICAL,2,STRENGTH,INSIGHT,ALLURE,Foe,Roll 3 Chance Dice to Flinch the foe.,
597,Heart Swap,psychic,SUPPORT,0,,INSIGHT,ALLURE,Foe,Switch any Trait Increase/Decrease with the target.,
598,Hyperspace Hole,psychic,SPECIAL,3,SPECIAL,INSIGHT,CHANNEL,Foe,Ignore Defenses. Never Miss. This Move Bypasses the effects of any Shield Move effect on the foe.,
599,Hypnosis,psychic,SUPPORT,0,,INSIGHT,ALLURE,Foe,Put the target to sleep. Dark-Type PokÈmon are affected by this move. -4 Accuracy.,
600,Imprison,psychic,SUPPORT,0,,CLEVER,CHANNEL,Foe,The foe cannot use any Moves known by the User. Lasts for a day.,
601,Instruct,psychic,SUPPORT,0,,CLEVER,PERFORM,Foe,"Selected Target repeats their last move used this Round. taking the successes on the Accuracy Roll of ""Instruct"" as if they were for their move. Target must have previously used a successful move during the Round. Otherwise ""Instruct"" will fail.",
602,Kinesis,psychic,SUPPORT,0,,SPECIAL,CHANNEL,Foe,Lower the foe's Accuracy.,
603,Light Screen,psychic,SUPPORT,0,,SPECIAL,CHANNEL,User and Allies,User and Allies will receive 1 less Damage from Special Attacks. Lasts 4 Rounds.,
604,Lunar Dance,psychic,SUPPORT,0,,INSIGHT,PERFORM,One Ally,"The user Faints. One fallen Ally regains consciousness, has its HP fully restored and all Status Ailments healed. If the Ally was not in-battle, it is called out and ready to fight.",
605,Luster Purge,psychic,SPECIAL,2,SPECIAL,SPECIAL,CHANNEL,Foe,Roll 5 Chance Dice to Reduce the foe's Sp. Defense. This Effect can be repeated up to 3 times per Target.,
606,Magic Coat,psychic,SUPPORT,0,,SPECIAL,CHANNEL,Foe,Priority 4. Redirect the effects of a Support Move that would affect the user or its side of the battlefield towards the foe's (ie. The foe used Stealth Rock. with Magic Coat it will now affect the foe's side instead of yours).,
607,Magic Powder,psychic,SUPPORT,0,,SPECIAL,CHANNEL,Foe,Change the target's Type to Psychic.,
608,Magic Room,psychic,SUPPORT,0,,SPECIAL,CHANNEL,Battlefield,No one can use their Held Item nor any other Item. Lasts 4 Rounds.,
609,Meditate,psychic,SUPPORT,0,,WILL,CHANNEL,User,Increase the User's Strength,
610,Miracle Eye,psychic,SUPPORT,0,,INSIGHT,ALERT,User,The User may hit Dark Type PokÈmon with Psychic Moves. The PokÈmon ignores Evasion modifiers. Opponents can't reduce the User's Accuracy.,
611,Mirror Coat,psychic,SPECIAL,0,,DEXTERITY,CHANNEL,Foe,The move only works if the foe just used a Special Attack. Roll the same Damage Pool as your foe's last attack and add 2 Extra Damage Dice.,
612,Mist Ball,psychic,SPECIAL,2,SPECIAL,SPECIAL,CHANNEL,Foe,Roll 5 Chance Dice to Reduce the foe's Special. This Effect can be repeated up to 3 times per Target.,
613,Photon Geyser,psychic,PHYSICAL,4,,DEXTERITY,CHANNEL,Foe,"This Move's Damage Pool, can be rolled with either the Strength or Special Attribute, dealing Physical or Special Damage respectively. Choose whatever is most convenient for the user. If using Special then the move is considered Special instead of Physical.",
614,Photon Geyser (Physical),psychic,PHYSICAL,4,STRENGTH,DEXTERITY,CHANNEL,Foe,"This Move's Damage Pool, can be rolled with either the Strength or Special Attribute, dealing Physical or Special Damage respectively. Choose whatever is most convenient for the user.",
615,Photon Geyser (Special),psychic,SPECIAL,4,SPECIAL,DEXTERITY,CHANNEL,Foe,"This Move's Damage Pool, can be rolled with either the Strength or Special Attribute, dealing Physical or Special Damage respectively. Choose whatever is most convenient for the user.",
616,Power Split,psychic,SUPPORT,0,,SPECIAL,CHANNEL,Foe,Average the User's Strength and Special with the target.,
617,Power Swap,psychic,SUPPORT,0,,SPECIAL,CHANNEL,Foe,Switch your Strength and Special with your foe.,
618,Power Trick,psychic,SUPPORT,0,,SPECIAL,CHANNEL,User,Switch the User's Strength with its Defense and the User's Special with its Sp. Defense.,
619,Prismatic Laser,psychic,SPECIAL,6,SPECIAL,DEXTERITY,CHANNEL,Foe,Lethal. Must Recharge.,
620,Psybeam,psychic,SPECIAL,2,SPECIAL,DEXTERITY,CHANNEL,Foe,Roll 1 Chance Dice to Confuse the foe.,
621,Psychic,psychic,SPECIAL,3,SPECIAL,DEXTERITY,CHANNEL,Foe,Roll 1 Chance Dice to Reduce the foe's Sp. Defense.,
622,Psychic Fangs,psychic,PHYSICAL,3,STRENGTH,DEXTERITY,BRAWL,Foe,If a Barrier is in place on the foe's side (ie. Light Screen. Reflect) destroy it.,
623,Psychic Terrain,psychic,SUPPORT,0,,SPECIAL,CHANNEL,Battlefield,For the next 4 Rounds. all Psychic Attacks will deal 1 Extra Dice of Damage. No PokÈmon on the ground can use moves with increased Priority.,
624,Psycho Boost,psychic,SPECIAL,6,SPECIAL,DEXTERITY,CHANNEL,Foe,Lethal. Reduce User's Special by 2. -1 Accuracy.,
625,Psycho Cut,psychic,PHYSICAL,3,STRENGTH,DEXTERITY,BRAWL,Foe,High Critical.,
626,Psycho Shift,psychic,SUPPORT,0,,CLEVER,CHANNEL,Foe,Transfer the User's Status Ailments to the target. The user is now cured.,
627,Psyshock,psychic,SPECIAL,3,SPECIAL,DEXTERITY,CHANNEL,Foe,This Move is resisted with the Foe's Defense instead of its Sp. Defense,
628,Psystrike,psychic,SPECIAL,4,SPECIAL,DEXTERITY,CHANNEL,Foe,This Move is resisted with the Foe's Defense instead of its Sp. Defense,
629,Psywave,psychic,SPECIAL,0,,INSIGHT,CHANNEL,Foe,Roll Damage Dice according to the User's Rank. 1 Dice at Starter Rank. 2 Dice at Beginner Rank.  3 dice at Amateur Rank.  4 Dice at Ace Rank.  5 Dice at Professional Rank. Ignores Defense.,
630,Reflect,psychic,SUPPORT,0,,SPECIAL,CHANNEL,User and Allies,User and Allies will receive 1 less Damage from Physical Attacks. Lasts 4 Rounds.,
631,Rest,psychic,SUPPORT,0,,VITALITY,NATURE,User,Complete Heal. If successful spend 1 Will point to activate. The User must Sleep for a whole Rounds (from Round Start to Round End).,
632,Role Play,psychic,SUPPORT,0,,CLEVER,PERFORM,Foe,Copy the target's Ability. The abilities Flower Gift. Illusion. Imposter. Stance Change. Wonder Guard. and Plot Device cannot be copied.,
633,Skill Swap,psychic,SUPPORT,0,,CLEVER,PERFORM,Foe,Switch Abilities with the foe. The abilities Flower Gift. Illusion. Imposter. Stance Change. Wonder Guard. Plot Device and others cannot be switched.,
634,Speed Swap,psychic,SUPPORT,0,,SPECIAL,CHANNEL,Foe,Switch your Dexterity with your Foe.,
635,Stored Power,psychic,SPECIAL,1,SPECIAL,DEXTERITY,CHANNEL,Foe,Add 1 Extra Dice of Damage for each Increased attribute the user has (ie. Clefairy has 1 Increased Point in Defense and 1 Evasion. Stored Power will have 2 Extra Dice on the Damage Pool). Up to 7 Dice may be added.,
636,Synchronoise,psychic,SPECIAL,5,SPECIAL,SPECIAL,PERFORM,Area,Sound Based. Choose a Type (Fire. Poison. Steel. etc.) this move only affects those with that Type.,
637,Telekinesis,psychic,SUPPORT,0,,SPECIAL,CHANNEL,Foe,"All attacks against the target have ""Never Fail"". The target is immune to Ground Moves. Lasts 2 Rounds.",
638,Teleport,psychic,SUPPORT,0,,SPECIAL,CHANNEL,User,In the wild. the battle ends. In official battles. it counts as the PokÈmon being recalled. Teleportation distances depend on Special and Storyteller's discretion.,
639,Trick,psychic,SUPPORT,0,,SPECIAL,ALLURE,Foe,The foe and the user swap Held Items.,
640,Trick Room,psychic,SUPPORT,0,,SPECIAL,CHANNEL,Battlefield,Invert the order of Initiative. Lasts 4 Rounds.,
641,Wonder Room,psychic,SUPPORT,0,,SPECIAL,CHANNEL,Battlefield,Defense and Sp. Defense will be calculated with Insight instead of Vitality. Lasts 4 Rounds.,
642,Zen Headbutt,psychic,PHYSICAL,3,STRENGTH,DEXTERITY,BRAWL,Foe,Roll 3 Chance Dice to Flinch the foe. -1 Accuracy.,
643,Accelerock,rock,PHYSICAL,2,STRENGTH,DEXTERITY,BRAWL,Foe,Priority 1.,
644,Ancient Power,rock,SPECIAL,2,SPECIAL,DEXTERITY,CHANNEL,Foe,Roll 1 Chance Dice to Increase the User's Strength. Dexterity. Special. Defense. and Sp. Defense.,
645,Diamond Storm,rock,PHYSICAL,4,STRENGTH,DEXTERITY,CHANNEL,All Foes,Ranged. Roll 5 Chance Dice to Increase the User's Defense by 2.,
646,Head Smash,rock,PHYSICAL,6,STRENGTH,STRENGTH,BRAWL,Foe,Recoil. -2 Accuracy.,
647,Power Gem,rock,SPECIAL,3,SPECIAL,DEXTERITY,CHANNEL,Foe,-,
648,Rock Blast,rock,PHYSICAL,1,STRENGTH,DEXTERITY,BRAWL,Foe,Ranged. Successive Actions. -1 Accuracy.,
649,Rock Polish,rock,SUPPORT,0,,DEXTERITY,CHANNEL,User,Increase User's Dexterity by 2.,
650,Rock Slide,rock,PHYSICAL,3,STRENGTH,DEXTERITY,BRAWL,All Foes,Ranged. Roll 3 Chance Dice to Flinch those affected. -1 Accuracy.,
651,Rock Throw,rock,PHYSICAL,2,STRENGTH,DEXTERITY,CHANNEL,Foe,Ranged. -1 Accuracy.,
652,Rock Tomb,rock,PHYSICAL,2,STRENGTH,DEXTERITY,CHANNEL,Foe,Ranged. Reduce Foe's Dexterity. -1 Accuracy.,
653,Rock Wrecker,rock,PHYSICAL,6,STRENGTH,STRENGTH,CHANNEL,Foe,Ranged. Must Recharge. Lethal. -1 Accuracy.,
654,Rollout,rock,PHYSICAL,1,STRENGTH,DEXTERITY,BRAWL,Foe,Successive Actions. Add 1 Extra Dice to the Damage Roll of the last Rollout hit the user performs. If the PokÈmon used Defense Curl this Round. add 1 Extra Dice to the Damage Roll of every hit. -1 Accuracy.,
655,Sandstorm,rock,SUPPORT,0,,SPECIAL,NATURE,Battlefield,Sandstorm Weather is activated for the next 4 Rounds.,
656,Smack Down,rock,PHYSICAL,2,STRENGTH,DEXTERITY,CHANNEL,Foe,Ranged. Remove the foe's Immunity to Ground-Type Attacks.,
657,Stealth Rock,rock,SUPPORT,0,,DEXTERITY,STEALTH,Battlefield,Entry Hazard. Foe PokÈmon that enter the battlefield lose 1 HP. this effect does not stack.,
658,Stone Edge,rock,PHYSICAL,4,STRENGTH,STRENGTH,CHANNEL,Foe,Ranged. High Critical. Lethal. -2 Accuracy.,
659,Tar Shot,rock,SUPPORT,0,,SPECIAL,CHANNEL,Foe,Reduce the foe's Dexterity. Until the end of the Scene Fire Type Moves will deal Super-Effective damage against the foe.,
660,Wide Guard,rock,SUPPORT,0,,VITALITY,BRAWL,User and Allies,Priority 3. Shield. Reduce 3 Damage the User and Allies would receive from a damaging move. Reduce to zero the set damage from a move the User and Allies would take.,
661,Anchor Shot,steel,PHYSICAL,3,STRENGTH,DEXTERITY,BRAWL,Foe,Ranged. Blocks.,
662,Autotomize,steel,SUPPORT,0,,DEXTERITY,CHANNEL,User,Increase the User's Dexterity by 2. User's weight is halved for the rest of Scene.,
663,Behemot Bash,steel,PHYSICAL,4,STRENGTH,VITALITY,BRAWL,Foe,"If the Foe is under the effects of Dynamax, This Move becomes Lethal and you add 4 Extra Dice to the Damage Pool.",
664,Behemot Blade,steel,PHYSICAL,4,STRENGTH,STRENGTH,BRAWL,Foe,"If the Foe is under the effects of Dynamax, This Move becomes Lethal and you add 4 Extra Dice to the Damage Pool.",
665,Bullet Punch,steel,PHYSICAL,2,STRENGTH,DEXTERITY,BRAWL,Foe,Fist Based. Priority 1.,
666,Doom Desire,steel,SPECIAL,6,SPECIAL,INSIGHT,ALLURE,Foe,"Strikes at the end of the Round after the next. Bypass Shield Moves and Cover. If the target retires or switches out from battle, the damage will be dealt to the next opponent or to one of its allies. Extra effects may be added at Storyteller's Discretion",
667,Double Iron Bash,steel,PHYSICAL,2,STRENGTH,SPECIAL,CHANNEL,Foe,Roll 3 Chance Dice to Flinch the Foe.,
668,Flash Cannon,steel,SPECIAL,3,SPECIAL,DEXTERITY,CHANNEL,Foe,Roll 1 Chance Dice to Reduce the foe's Sp. Defense.,
669,Gear Grind,steel,PHYSICAL,2,STRENGTH,DEXTERITY,BRAWL,Foe,Double Action. -1 Accuracy.,
670,Gear Up,steel,SUPPORT,0,,VITALITY,CHANNEL,One Ally,Increase the Strength and Special of one Steel-Type or Electric-Type Ally.,
671,Gyro Ball,steel,PHYSICAL,1,STRENGTH,DEXTERITY,BRAWL,Foe,Add 1 Extra Dice to the Damage pool for every point of Dexterity the Foe has that surpasses the user's. Up to 5 Dice may be added this way.,
672,Heavy Slam,steel,PHYSICAL,1,STRENGTH,DEXTERITY,BRAWL,Foe,Add 1 Extra Dice for every 50 kgs. of weight above the target's weight. up to +4 Extra Dice.,
673,Iron Defense,steel,SUPPORT,0,,VITALITY,CHANNEL,User,Increase the User's Defense by 2.,
674,Iron Head,steel,PHYSICAL,3,STRENGTH,DEXTERITY,BRAWL,Foe,Roll 3 Chance Dice to Flinch the Foe.,
675,Iron Tail,steel,PHYSICAL,4,STRENGTH,DEXTERITY,BRAWL,Foe,Roll 3 Chance Dice to Reduce the foe's Defense. -3 Accuracy.,
676,King's Shield,steel,SUPPORT,0,,DEXTERITY,BRAWL,User,Priority 3. Shield. If the foe was using a Physical Move. Reduce the foe's Strength by 2. Reduce 3 Dice from the foe's Damage Pool.,
677,Magnet Bomb,steel,PHYSICAL,2,STRENGTH,DEXTERITY,CHANNEL,Foe,Ranged. Never Fail.,
678,Metal Burst,steel,PHYSICAL,0,,DEXTERITY,BRAWL,Foe,This Move only works if the foe just used an attack. Roll the same Damage Pool as your foe's last attack and add 2 Extra Damage Dice.,
679,Metal Claw,steel,PHYSICAL,2,STRENGTH,DEXTERITY,BRAWL,Foe,Roll 1 Chance Dice to Increse the user's Strength. -1 Accuracy.,
680,Metal Sound,steel,SUPPORT,0,,TOUGH,PERFORM,Foe,Sound Based. Reduce the foe's Special Defense by 2.,
681,Meteor Mash,steel,PHYSICAL,3,STRENGTH,DEXTERITY,BRAWL,Foe,Fist Based. Roll 2 Chance Dice to Increase the User's Strength. -1 Accuracy.,
682,Mirror Shot,steel,SPECIAL,2,SPECIAL,DEXTERITY,CHANNEL,Foe,Roll 3 Chance Dice to Confuse the foe. -2 Accuracy.,
683,Shift Gear,steel,SUPPORT,0,,DEXTERITY,CHANNEL,User,Increase the User's Strength by 1 and Dexterity by 2.,
684,Smart Strike,steel,PHYSICAL,3,STRENGTH,DEXTERITY,BRAWL,Foe,Lethal. Never Fail.,
685,Steel Beam,steel,SPECIAL,6,SPECIAL,SPECIAL,CHANNEL,Foe,Recoil.,
686,Steel Wing,steel,PHYSICAL,3,STRENGTH,DEXTERITY,BRAWL,Foe,Roll 1 Chance Dice to Increase the User's Defense. -1 Accuracy.,
687,Sunsteel Strike,steel,PHYSICAL,4,STRENGTH,STRENGTH,BRAWL,Foe,Lethal. If anything on the foe's side of the field would prevent this move from dealing damage (Pokemon types. Abilities. Shield Moves. Weather. Or Barriers.) ignore it. This Move cannot be Clashed.,
688,Aqua Jet,water,PHYSICAL,2,STRENGTH,DEXTERITY,BRAWL,Foe,Priority 1.,
689,Aqua Ring,water,SUPPORT,0,,SPECIAL,NATURE,User,If successful spent 1 Will point to activate. At the end of each Round. recover 1 HP. Lasts 4 Rounds.,
690,Aqua Tail,water,PHYSICAL,3,STRENGTH,DEXTERITY,BRAWL,Foe,Roll 3 Chance Dice to Flinch the foe. -1 Accuracy.,
691,Bouncy Bubble,water,SPECIAL,3,SPECIAL,DEXTERITY,CHANNEL,Foe,"The user restores HP equal to half the damage dealt, rounded down. If the user of this Move is at its Final Stage of Evolution, this move fails.",
692,Brine,water,SPECIAL,2,SPECIAL,DEXTERITY,CHANNEL,Foe,If the foe is at half HP or less. add 3 Extra Dice to the Damage Pool.,
693,Bubble,water,SPECIAL,2,SPECIAL,DEXTERITY,CHANNEL,All Foes,Target all foes in range. Roll 1 Chance Dice to Reduce the Dexterity of those affected.,
694,Bubble Beam,water,SPECIAL,3,SPECIAL,DEXTERITY,CHANNEL,Foe,Roll 1 Chance Dice to Reduce the foe's Dexterity.,
695,Clamp,water,PHYSICAL,2,STRENGTH,DEXTERITY,BRAWL,Foe,Block. Deal 2 Dice of Damage at the end of each Round. Lasts 4 Rounds. -1 Accuracy.,
696,Crabhammer,water,PHYSICAL,3,STRENGTH,DEXTERITY,BRAWL,Foe,High Critical. -1 Accuracy.,
697,Dive,water,PHYSICAL,2,STRENGTH,DEXTERITY,BRAWL,Foe,Charge Move. While charging this move. the User will be out of range. Allows the PokÈmon to swim into Deep Waters.,
698,Fishious Rend,water,PHYSICAL,3,STRENGTH,DEXTERITY,BRAWL,Foe,"If the foe has not had its Turn this Round, Add 2 Extra Dice to the Damage Pool.",
699,Hydro Cannon,water,SPECIAL,6,SPECIAL,SPECIAL,CHANNEL,Foe,Must Recharge. -1 Accuracy.,
700,Hydro Pump,water,SPECIAL,5,SPECIAL,SPECIAL,CHANNEL,Foe, -1 Accuracy.,
701,Life Dew,water,SUPPORT,0,,SPECIAL,NATURE,User and Allies,"If successful, spend 1 Will point to activate. User and Allies in Range heal 1 HP at the end of each Round. Lasts 4 Rounds.",
702,Liquidation,water,PHYSICAL,3,STRENGTH,STRENGTH,BRAWL,Foe,Lethal. Roll 2 Chance Dice to Reduce the Foe's Defense.,
703,Muddy Water,water,SPECIAL,3,SPECIAL,DEXTERITY,CHANNEL,All Foes,All Foes in Range. Roll 3 Chance Dice to Reduce the Accuracy of those affected. -2 Accuracy.,
704,Octazooka,water,SPECIAL,2,SPECIAL,DEXTERITY,CHANNEL,Foe,Roll 5 Chance Dice to Reduce the foe's Accuracy. -2 Accuracy.,
705,Origin Pulse,water,SPECIAL,4,SPECIAL,SPECIAL,CHANNEL,Foe,Lethal. -2 Accuracy.,
706,Rain Dance,water,SUPPORT,0,,SPECIAL,NATURE,Battlefield,Rain Weather is activated for the next 4 Rounds.,
707,Razor Shell,water,PHYSICAL,3,STRENGTH,DEXTERITY,BRAWL,Foe,Roll 1 Chance Dice to Reduce the foe's Defense.,
708,Scald,water,SPECIAL,3,SPECIAL,DEXTERITY,CHANNEL,Foe,Roll 3 Chance Dice to Burn the foe.,
709,Snipe Shot,water,SPECIAL,3,SPECIAL,DEXTERITY,CHANNEL,Foe,High Critical. Ignore effects from Moves or Abilities that would prevent this Move from targeting a foe.,
710,Soak,water,SUPPORT,0,,SPECIAL,CHANNEL,Foe,Change the target's Type to Water.,
711,Sparkling Aria,water,SPECIAL,3,SPECIAL,SPECIAL,PERFORM,Area,Sound Based. Area Attack. If an affected PokÈmon had any of the Burn Status Conditions. heal it isntead of dealing damage.,
712,Splishy Splash,water,SPECIAL,3,SPECIAL,DEXTERITY,CHANNEL,Foe,"Roll 3 Chance Dice to Paralyze the foe. If the user of this Move is at its Final Stage of Evolution, this move fails.",
713,Steam Eruption,water,SPECIAL,4,SPECIAL,DEXTERITY,CHANNEL,Foe,Lethal. Roll 3 Chance Dice to Apply Burn 2 to those affected. -1 Accuracy.,
714,Surf,water,SPECIAL,3,SPECIAL,DEXTERITY,CHANNEL,Area,-,
715,Water Gun,water,SPECIAL,2,SPECIAL,DEXTERITY,CHANNEL,Foe,-,
716,Water Pledge,water,SPECIAL,2,SPECIAL,DEXTERITY,CHANNEL,Battlefield,Creates a rainbow that adds 2 Dice to all Chance Dice rolls. This effect lasts 4 turns.,
717,Water Pulse,water,SPECIAL,2,SPECIAL,DEXTERITY,CHANNEL,Foe,Roll 3 Chance Dice to Confuse the foe.,
718,Water Shuriken,water,SPECIAL,1,SPECIAL,DEXTERITY,CHANNEL,Foe,Ranged. Priority 1. Successive Actions.,
719,Water Sport,water,SUPPORT,0,,SPECIAL,CHANNEL,Battlefield,For the next 4 Rounds Fire Type attacks won't add their Power to the Damage Pool.,
720,Water Spout,water,SPECIAL,6,SPECIAL,DEXTERITY,CHANNEL,All Foes,Remove 1 Dice of Damage for every missing HP of the User. Up to 5 Dice may be reduced this way.,
721,Waterfall,water,PHYSICAL,3,STRENGTH,DEXTERITY,BRAWL,Foe,Roll 3 Chance Dice to Flinch the foe.,
722,Whirlpool,water,SPECIAL,2,SPECIAL,DEXTERITY,CHANNEL,Foe,Block. Deal 2 dice of damage at the end of each Round. Lasts 4 Rounds. -2 Accuracy.,
723,Withdraw,water,SUPPORT,0,,VITALITY,BRAWL,User,Increase User's Defense.,
724,Any Move,any,???,0,,,,Any,This move represents every possible move. Metronome but better.,
